-- MySQL dump 10.13  Distrib 9.6.0, for Win64 (x86_64)
--
-- Host: localhost    Database: clinica_medica_node
-- ------------------------------------------------------
-- Server version	9.6.0

/*!40101 SET @OLD_CHARACTER_SET_CLIENT=@@CHARACTER_SET_CLIENT */;
/*!40101 SET @OLD_CHARACTER_SET_RESULTS=@@CHARACTER_SET_RESULTS */;
/*!40101 SET @OLD_COLLATION_CONNECTION=@@COLLATION_CONNECTION */;
/*!50503 SET NAMES utf8mb4 */;
/*!40103 SET @OLD_TIME_ZONE=@@TIME_ZONE */;
/*!40103 SET TIME_ZONE='+00:00' */;
/*!40014 SET @OLD_UNIQUE_CHECKS=@@UNIQUE_CHECKS, UNIQUE_CHECKS=0 */;
/*!40014 SET @OLD_FOREIGN_KEY_CHECKS=@@FOREIGN_KEY_CHECKS, FOREIGN_KEY_CHECKS=0 */;
/*!40101 SET @OLD_SQL_MODE=@@SQL_MODE, SQL_MODE='NO_AUTO_VALUE_ON_ZERO' */;
/*!40111 SET @OLD_SQL_NOTES=@@SQL_NOTES, SQL_NOTES=0 */;
SET @MYSQLDUMP_TEMP_LOG_BIN = @@SESSION.SQL_LOG_BIN;
SET @@SESSION.SQL_LOG_BIN= 0;

--
-- GTID state at the beginning of the backup 
--

SET @@GLOBAL.GTID_PURGED=/*!80000 '+'*/ '1f37ccd8-14c1-11f1-aa14-0ae0afff05ba:1-495';

--
-- Table structure for table `consultas`
--

DROP TABLE IF EXISTS `consultas`;
/*!40101 SET @saved_cs_client     = @@character_set_client */;
/*!50503 SET character_set_client = utf8mb4 */;
CREATE TABLE `consultas` (
  `id` int NOT NULL AUTO_INCREMENT,
  `paciente_id` int NOT NULL,
  `medico_id` int NOT NULL,
  `data_consulta` datetime NOT NULL,
  `descricao` text,
  `status` varchar(20) NOT NULL DEFAULT 'agendada',
  `observacao_status` varchar(255) DEFAULT NULL,
  `data_criacao` datetime NOT NULL DEFAULT CURRENT_TIMESTAMP,
  `data_atualizacao` datetime NOT NULL DEFAULT CURRENT_TIMESTAMP ON UPDATE CURRENT_TIMESTAMP,
  PRIMARY KEY (`id`),
  KEY `paciente_id` (`paciente_id`),
  KEY `medico_id` (`medico_id`),
  CONSTRAINT `consultas_ibfk_1` FOREIGN KEY (`paciente_id`) REFERENCES `pacientes` (`id`) ON DELETE CASCADE ON UPDATE CASCADE,
  CONSTRAINT `consultas_ibfk_2` FOREIGN KEY (`medico_id`) REFERENCES `medicos` (`id`) ON DELETE CASCADE ON UPDATE CASCADE
) ENGINE=InnoDB AUTO_INCREMENT=513 DEFAULT CHARSET=utf8mb4 COLLATE=utf8mb4_0900_ai_ci;
/*!40101 SET character_set_client = @saved_cs_client */;

--
-- Dumping data for table `consultas`
--

LOCK TABLES `consultas` WRITE;
/*!40000 ALTER TABLE `consultas` DISABLE KEYS */;
INSERT INTO `consultas` VALUES (1,1,7,'2026-03-29 10:00:00','Retorno para avaliação clínica','confirmada','Consulta confirmada para hoje','2026-03-29 16:09:14','2026-03-29 16:09:14'),(2,2,14,'2026-03-29 11:00:00','Primeira consulta e anamnese','confirmada','Consulta confirmada para hoje','2026-03-29 16:09:14','2026-03-29 16:09:14'),(3,3,21,'2026-03-29 12:00:00','Avaliação de exames laboratoriais','confirmada','Consulta confirmada para hoje','2026-03-29 16:09:14','2026-03-29 16:09:14'),(4,4,28,'2026-03-29 13:00:00','Acompanhamento de tratamento','confirmada','Consulta confirmada para hoje','2026-03-29 16:09:14','2026-03-29 16:09:14'),(5,5,5,'2026-03-29 14:00:00','Revisão de medicação','confirmada','Consulta confirmada para hoje','2026-03-29 16:09:14','2026-03-29 16:09:14'),(6,6,12,'2026-03-29 15:00:00','Encaminhamento para especialista','confirmada','Consulta confirmada para hoje','2026-03-29 16:09:14','2026-03-29 16:09:14'),(7,7,19,'2026-03-29 16:00:00','Avaliação preventiva anual','confirmada','Consulta confirmada para hoje','2026-03-29 16:09:14','2026-03-29 16:09:14'),(8,8,26,'2026-03-29 09:00:00','Consulta por sintomas recorrentes','confirmada','Consulta confirmada para hoje','2026-03-29 16:09:14','2026-03-29 16:09:14'),(9,9,3,'2026-03-29 10:00:00','Reavaliação pós-procedimento','confirmada','Consulta confirmada para hoje','2026-03-29 16:09:14','2026-03-29 16:09:14'),(10,10,10,'2026-03-29 11:00:00','Acompanhamento de quadro crônico','confirmada','Consulta confirmada para hoje','2026-03-29 16:09:14','2026-03-29 16:09:14'),(11,11,17,'2026-03-29 12:00:00','Consulta de seguimento','confirmada','Consulta confirmada para hoje','2026-03-29 16:09:14','2026-03-29 16:09:14'),(12,12,24,'2026-03-29 13:00:00','Consulta de rotina','confirmada','Consulta confirmada para hoje','2026-03-29 16:09:14','2026-03-29 16:09:14'),(13,13,1,'2026-03-29 14:00:00','Retorno para avaliação clínica','confirmada','Consulta confirmada para hoje','2026-03-29 16:09:14','2026-03-29 16:09:14'),(14,14,8,'2026-03-29 15:00:00','Primeira consulta e anamnese','confirmada','Consulta confirmada para hoje','2026-03-29 16:09:14','2026-03-29 16:09:14'),(15,15,15,'2026-03-29 16:00:00','Avaliação de exames laboratoriais','confirmada','Consulta confirmada para hoje','2026-03-29 16:09:14','2026-03-29 16:09:14'),(16,16,22,'2026-03-29 14:00:00','Acompanhamento de tratamento','agendada','Agendamento ativo para hoje','2026-03-29 16:09:14','2026-03-29 16:09:14'),(17,17,29,'2026-03-29 15:00:00','Revisão de medicação','agendada','Agendamento ativo para hoje','2026-03-29 16:09:14','2026-03-29 16:09:14'),(18,18,6,'2026-03-29 16:00:00','Encaminhamento para especialista','agendada','Agendamento ativo para hoje','2026-03-29 16:09:14','2026-03-29 16:09:14'),(19,19,13,'2026-03-29 17:00:00','Avaliação preventiva anual','agendada','Agendamento ativo para hoje','2026-03-29 16:09:14','2026-03-29 16:09:14'),(20,20,20,'2026-03-29 08:00:00','Consulta por sintomas recorrentes','agendada','Agendamento ativo para hoje','2026-03-29 16:09:14','2026-03-29 16:09:14'),(21,21,27,'2026-03-29 09:00:00','Reavaliação pós-procedimento','agendada','Agendamento ativo para hoje','2026-03-29 16:09:14','2026-03-29 16:09:14'),(22,22,4,'2026-03-29 10:00:00','Acompanhamento de quadro crônico','agendada','Agendamento ativo para hoje','2026-03-29 16:09:14','2026-03-29 16:09:14'),(23,23,11,'2026-03-29 11:00:00','Consulta de seguimento','agendada','Agendamento ativo para hoje','2026-03-29 16:09:14','2026-03-29 16:09:14'),(24,24,18,'2026-03-29 12:00:00','Consulta de rotina','agendada','Agendamento ativo para hoje','2026-03-29 16:09:14','2026-03-29 16:09:14'),(25,25,25,'2026-03-29 13:00:00','Retorno para avaliação clínica','agendada','Agendamento ativo para hoje','2026-03-29 16:09:14','2026-03-29 16:09:14'),(26,26,2,'2026-03-29 14:00:00','Primeira consulta e anamnese','agendada','Agendamento ativo para hoje','2026-03-29 16:09:14','2026-03-29 16:09:14'),(27,27,9,'2026-03-29 15:00:00','Avaliação de exames laboratoriais','agendada','Agendamento ativo para hoje','2026-03-29 16:09:14','2026-03-29 16:09:14'),(28,28,16,'2026-03-29 16:00:00','Acompanhamento de tratamento','agendada','Agendamento ativo para hoje','2026-03-29 16:09:14','2026-03-29 16:09:14'),(29,29,23,'2026-03-29 17:00:00','Revisão de medicação','agendada','Agendamento ativo para hoje','2026-03-29 16:09:14','2026-03-29 16:09:14'),(30,30,30,'2026-03-29 08:00:00','Encaminhamento para especialista','agendada','Agendamento ativo para hoje','2026-03-29 16:09:14','2026-03-29 16:09:14'),(31,31,7,'2026-03-29 09:00:00','Avaliação preventiva anual','agendada','Agendamento ativo para hoje','2026-03-29 16:09:14','2026-03-29 16:09:14'),(32,32,14,'2026-03-29 10:00:00','Consulta por sintomas recorrentes','agendada','Agendamento ativo para hoje','2026-03-29 16:09:14','2026-03-29 16:09:14'),(33,33,21,'2026-03-29 11:00:00','Reavaliação pós-procedimento','agendada','Agendamento ativo para hoje','2026-03-29 16:09:14','2026-03-29 16:09:14'),(34,34,28,'2026-03-29 12:00:00','Acompanhamento de quadro crônico','agendada','Agendamento ativo para hoje','2026-03-29 16:09:14','2026-03-29 16:09:14'),(35,35,5,'2026-03-29 13:00:00','Consulta de seguimento','agendada','Agendamento ativo para hoje','2026-03-29 16:09:14','2026-03-29 16:09:14'),(36,36,12,'2026-03-28 10:00:00','Consulta de rotina','realizada','Consulta realizada no dia anterior','2026-03-29 16:09:14','2026-03-29 16:09:14'),(37,37,19,'2026-03-28 11:00:00','Retorno para avaliação clínica','realizada','Consulta realizada no dia anterior','2026-03-29 16:09:14','2026-03-29 16:09:14'),(38,38,26,'2026-03-28 12:00:00','Primeira consulta e anamnese','realizada','Consulta realizada no dia anterior','2026-03-29 16:09:14','2026-03-29 16:09:14'),(39,39,3,'2026-03-28 13:00:00','Avaliação de exames laboratoriais','realizada','Consulta realizada no dia anterior','2026-03-29 16:09:14','2026-03-29 16:09:14'),(40,40,10,'2026-03-28 14:00:00','Acompanhamento de tratamento','realizada','Consulta realizada no dia anterior','2026-03-29 16:09:14','2026-03-29 16:09:14'),(41,41,17,'2026-03-28 15:00:00','Revisão de medicação','realizada','Consulta realizada no dia anterior','2026-03-29 16:09:14','2026-03-29 16:09:14'),(42,42,24,'2026-03-28 10:00:00','Encaminhamento para especialista','realizada','Consulta realizada no dia anterior','2026-03-29 16:09:14','2026-03-29 16:09:14'),(43,43,1,'2026-03-28 11:00:00','Avaliação preventiva anual','realizada','Consulta realizada no dia anterior','2026-03-29 16:09:14','2026-03-29 16:09:14'),(44,44,8,'2026-03-28 12:00:00','Consulta por sintomas recorrentes','realizada','Consulta realizada no dia anterior','2026-03-29 16:09:14','2026-03-29 16:09:14'),(45,45,15,'2026-03-28 13:00:00','Reavaliação pós-procedimento','realizada','Consulta realizada no dia anterior','2026-03-29 16:09:14','2026-03-29 16:09:14'),(46,46,22,'2026-03-28 14:00:00','Acompanhamento de quadro crônico','realizada','Consulta realizada no dia anterior','2026-03-29 16:09:14','2026-03-29 16:09:14'),(47,47,29,'2026-03-28 15:00:00','Consulta de seguimento','realizada','Consulta realizada no dia anterior','2026-03-29 16:09:14','2026-03-29 16:09:14'),(48,48,6,'2026-03-28 10:00:00','Consulta de rotina','realizada','Consulta realizada no dia anterior','2026-03-29 16:09:14','2026-03-29 16:09:14'),(49,49,13,'2026-03-28 11:00:00','Retorno para avaliação clínica','realizada','Consulta realizada no dia anterior','2026-03-29 16:09:14','2026-03-29 16:09:14'),(50,50,20,'2026-03-28 12:00:00','Primeira consulta e anamnese','realizada','Consulta realizada no dia anterior','2026-03-29 16:09:14','2026-03-29 16:09:14'),(51,51,27,'2026-03-28 13:00:00','Avaliação de exames laboratoriais','realizada','Consulta realizada no dia anterior','2026-03-29 16:09:14','2026-03-29 16:09:14'),(52,52,4,'2026-03-28 14:00:00','Acompanhamento de tratamento','realizada','Consulta realizada no dia anterior','2026-03-29 16:09:14','2026-03-29 16:09:14'),(53,53,11,'2026-03-28 15:00:00','Revisão de medicação','realizada','Consulta realizada no dia anterior','2026-03-29 16:09:14','2026-03-29 16:09:14'),(54,54,18,'2026-03-28 10:00:00','Encaminhamento para especialista','realizada','Consulta realizada no dia anterior','2026-03-29 16:09:14','2026-03-29 16:09:14'),(55,55,25,'2026-03-28 11:00:00','Avaliação preventiva anual','realizada','Consulta realizada no dia anterior','2026-03-29 16:09:14','2026-03-29 16:09:14'),(56,56,2,'2026-03-28 12:00:00','Consulta por sintomas recorrentes','realizada','Consulta realizada no dia anterior','2026-03-29 16:09:14','2026-03-29 16:09:14'),(57,57,9,'2026-03-28 13:00:00','Reavaliação pós-procedimento','realizada','Consulta realizada no dia anterior','2026-03-29 16:09:14','2026-03-29 16:09:14'),(58,58,16,'2026-03-28 14:00:00','Acompanhamento de quadro crônico','realizada','Consulta realizada no dia anterior','2026-03-29 16:09:14','2026-03-29 16:09:14'),(59,59,23,'2026-03-28 15:00:00','Consulta de seguimento','realizada','Consulta realizada no dia anterior','2026-03-29 16:09:14','2026-03-29 16:09:14'),(60,60,30,'2026-03-28 10:00:00','Consulta de rotina','realizada','Consulta realizada no dia anterior','2026-03-29 16:09:14','2026-03-29 16:09:14'),(61,61,7,'2026-03-30 13:00:00','Retorno para avaliação clínica','pendente','Aguardando confirmação da recepção','2026-03-29 16:09:14','2026-03-29 16:09:14'),(62,62,14,'2026-03-30 14:00:00','Primeira consulta e anamnese','pendente','Aguardando confirmação da recepção','2026-03-29 16:09:14','2026-03-29 16:09:14'),(63,63,21,'2026-03-30 08:00:00','Avaliação de exames laboratoriais','pendente','Aguardando confirmação da recepção','2026-03-29 16:09:14','2026-03-29 16:09:14'),(64,64,28,'2026-03-30 09:00:00','Acompanhamento de tratamento','pendente','Aguardando confirmação da recepção','2026-03-29 16:09:14','2026-03-29 16:09:14'),(65,65,5,'2026-03-30 10:00:00','Revisão de medicação','pendente','Aguardando confirmação da recepção','2026-03-29 16:09:14','2026-03-29 16:09:14'),(66,66,12,'2026-03-30 11:00:00','Encaminhamento para especialista','pendente','Aguardando confirmação da recepção','2026-03-29 16:09:14','2026-03-29 16:09:14'),(67,67,19,'2026-03-30 12:00:00','Avaliação preventiva anual','pendente','Aguardando confirmação da recepção','2026-03-29 16:09:14','2026-03-29 16:09:14'),(68,68,26,'2026-03-30 13:00:00','Consulta por sintomas recorrentes','pendente','Aguardando confirmação da recepção','2026-03-29 16:09:14','2026-03-29 16:09:14'),(69,69,3,'2026-03-30 14:00:00','Reavaliação pós-procedimento','pendente','Aguardando confirmação da recepção','2026-03-29 16:09:14','2026-03-29 16:09:14'),(70,70,10,'2026-03-30 08:00:00','Acompanhamento de quadro crônico','pendente','Aguardando confirmação da recepção','2026-03-29 16:09:14','2026-03-29 16:09:14'),(71,71,17,'2026-03-30 09:00:00','Consulta de seguimento','pendente','Aguardando confirmação da recepção','2026-03-29 16:09:14','2026-03-29 16:09:14'),(72,72,24,'2026-03-30 10:00:00','Consulta de rotina','pendente','Aguardando confirmação da recepção','2026-03-29 16:09:14','2026-03-29 16:09:14'),(73,73,1,'2026-03-30 11:00:00','Retorno para avaliação clínica','pendente','Aguardando confirmação da recepção','2026-03-29 16:09:14','2026-03-29 16:09:14'),(74,74,8,'2026-03-30 12:00:00','Primeira consulta e anamnese','pendente','Aguardando confirmação da recepção','2026-03-29 16:09:14','2026-03-29 16:09:14'),(75,75,15,'2026-03-30 13:00:00','Avaliação de exames laboratoriais','pendente','Aguardando confirmação da recepção','2026-03-29 16:09:14','2026-03-29 16:09:14'),(76,76,22,'2026-03-30 14:00:00','Acompanhamento de tratamento','pendente','Aguardando confirmação da recepção','2026-03-29 16:09:14','2026-03-29 16:09:14'),(77,77,29,'2026-03-30 08:00:00','Revisão de medicação','pendente','Aguardando confirmação da recepção','2026-03-29 16:09:14','2026-03-29 16:09:14'),(78,78,6,'2026-03-30 09:00:00','Encaminhamento para especialista','pendente','Aguardando confirmação da recepção','2026-03-29 16:09:14','2026-03-29 16:09:14'),(79,79,13,'2026-03-30 10:00:00','Avaliação preventiva anual','pendente','Aguardando confirmação da recepção','2026-03-29 16:09:14','2026-03-29 16:09:14'),(80,80,20,'2026-03-30 11:00:00','Consulta por sintomas recorrentes','pendente','Aguardando confirmação da recepção','2026-03-29 16:09:14','2026-03-29 16:09:14'),(81,81,27,'2026-04-04 08:00:00','Reavaliação pós-procedimento','confirmada','Consulta confirmada para próximos dias','2026-03-29 16:09:14','2026-03-29 16:09:14'),(82,82,4,'2026-04-05 09:00:00','Acompanhamento de quadro crônico','agendada','Consulta agendada para próximos dias','2026-03-29 16:09:14','2026-03-29 16:09:14'),(83,83,11,'2026-04-06 10:00:00','Consulta de seguimento','confirmada','Consulta confirmada para próximos dias','2026-03-29 16:09:14','2026-03-29 16:09:14'),(84,84,18,'2026-03-31 11:00:00','Consulta de rotina','agendada','Consulta agendada para próximos dias','2026-03-29 16:09:14','2026-03-29 16:09:14'),(85,85,25,'2026-04-01 12:00:00','Retorno para avaliação clínica','confirmada','Consulta confirmada para próximos dias','2026-03-29 16:09:14','2026-03-29 16:09:14'),(86,86,2,'2026-04-02 13:00:00','Primeira consulta e anamnese','agendada','Consulta agendada para próximos dias','2026-03-29 16:09:14','2026-03-29 16:09:14'),(87,87,9,'2026-04-03 14:00:00','Avaliação de exames laboratoriais','confirmada','Consulta confirmada para próximos dias','2026-03-29 16:09:14','2026-03-29 16:09:14'),(88,88,16,'2026-04-04 15:00:00','Acompanhamento de tratamento','agendada','Consulta agendada para próximos dias','2026-03-29 16:09:14','2026-03-29 16:09:14'),(89,89,23,'2026-04-05 16:00:00','Revisão de medicação','confirmada','Consulta confirmada para próximos dias','2026-03-29 16:09:14','2026-03-29 16:09:14'),(90,90,30,'2026-04-06 08:00:00','Encaminhamento para especialista','agendada','Consulta agendada para próximos dias','2026-03-29 16:09:14','2026-03-29 16:09:14'),(91,91,7,'2026-03-31 09:00:00','Avaliação preventiva anual','confirmada','Consulta confirmada para próximos dias','2026-03-29 16:09:14','2026-03-29 16:09:14'),(92,92,14,'2026-04-01 10:00:00','Consulta por sintomas recorrentes','agendada','Consulta agendada para próximos dias','2026-03-29 16:09:14','2026-03-29 16:09:14'),(93,93,21,'2026-04-02 11:00:00','Reavaliação pós-procedimento','confirmada','Consulta confirmada para próximos dias','2026-03-29 16:09:14','2026-03-29 16:09:14'),(94,94,28,'2026-04-03 12:00:00','Acompanhamento de quadro crônico','agendada','Consulta agendada para próximos dias','2026-03-29 16:09:14','2026-03-29 16:09:14'),(95,95,5,'2026-04-04 13:00:00','Consulta de seguimento','confirmada','Consulta confirmada para próximos dias','2026-03-29 16:09:14','2026-03-29 16:09:14'),(96,96,12,'2026-04-05 14:00:00','Consulta de rotina','agendada','Consulta agendada para próximos dias','2026-03-29 16:09:14','2026-03-29 16:09:14'),(97,97,19,'2026-04-06 15:00:00','Retorno para avaliação clínica','confirmada','Consulta confirmada para próximos dias','2026-03-29 16:09:14','2026-03-29 16:09:14'),(98,98,26,'2026-03-31 16:00:00','Primeira consulta e anamnese','agendada','Consulta agendada para próximos dias','2026-03-29 16:09:14','2026-03-29 16:09:14'),(99,99,3,'2026-04-01 08:00:00','Avaliação de exames laboratoriais','confirmada','Consulta confirmada para próximos dias','2026-03-29 16:09:14','2026-03-29 16:09:14'),(100,100,10,'2026-04-02 09:00:00','Acompanhamento de tratamento','agendada','Consulta agendada para próximos dias','2026-03-29 16:09:14','2026-03-29 16:09:14'),(101,1,17,'2026-04-03 10:00:00','Revisão de medicação','confirmada','Consulta confirmada para próximos dias','2026-03-29 16:09:14','2026-03-29 16:09:14'),(102,2,24,'2026-04-04 11:00:00','Encaminhamento para especialista','agendada','Consulta agendada para próximos dias','2026-03-29 16:09:14','2026-03-29 16:09:14'),(103,3,1,'2026-04-05 12:00:00','Avaliação preventiva anual','confirmada','Consulta confirmada para próximos dias','2026-03-29 16:09:14','2026-03-29 16:09:14'),(104,4,8,'2026-04-06 13:00:00','Consulta por sintomas recorrentes','agendada','Consulta agendada para próximos dias','2026-03-29 16:09:14','2026-03-29 16:09:14'),(105,5,15,'2026-03-31 14:00:00','Reavaliação pós-procedimento','confirmada','Consulta confirmada para próximos dias','2026-03-29 16:09:14','2026-03-29 16:09:14'),(106,6,22,'2026-04-01 15:00:00','Acompanhamento de quadro crônico','agendada','Consulta agendada para próximos dias','2026-03-29 16:09:14','2026-03-29 16:09:14'),(107,7,29,'2026-04-02 16:00:00','Consulta de seguimento','confirmada','Consulta confirmada para próximos dias','2026-03-29 16:09:14','2026-03-29 16:09:14'),(108,8,6,'2026-04-03 08:00:00','Consulta de rotina','agendada','Consulta agendada para próximos dias','2026-03-29 16:09:14','2026-03-29 16:09:14'),(109,9,13,'2026-04-04 09:00:00','Retorno para avaliação clínica','confirmada','Consulta confirmada para próximos dias','2026-03-29 16:09:14','2026-03-29 16:09:14'),(110,10,20,'2026-04-05 10:00:00','Primeira consulta e anamnese','agendada','Consulta agendada para próximos dias','2026-03-29 16:09:14','2026-03-29 16:09:14'),(111,11,27,'2026-04-06 11:00:00','Avaliação de exames laboratoriais','confirmada','Consulta confirmada para próximos dias','2026-03-29 16:09:14','2026-03-29 16:09:14'),(112,12,4,'2026-03-31 12:00:00','Acompanhamento de tratamento','agendada','Consulta agendada para próximos dias','2026-03-29 16:09:14','2026-03-29 16:09:14'),(113,13,11,'2026-04-01 13:00:00','Revisão de medicação','confirmada','Consulta confirmada para próximos dias','2026-03-29 16:09:14','2026-03-29 16:09:14'),(114,14,18,'2026-04-02 14:00:00','Encaminhamento para especialista','agendada','Consulta agendada para próximos dias','2026-03-29 16:09:14','2026-03-29 16:09:14'),(115,15,25,'2026-04-03 15:00:00','Avaliação preventiva anual','confirmada','Consulta confirmada para próximos dias','2026-03-29 16:09:14','2026-03-29 16:09:14'),(116,16,2,'2026-04-04 16:00:00','Consulta por sintomas recorrentes','agendada','Consulta agendada para próximos dias','2026-03-29 16:09:14','2026-03-29 16:09:14'),(117,17,9,'2026-04-05 08:00:00','Reavaliação pós-procedimento','confirmada','Consulta confirmada para próximos dias','2026-03-29 16:09:14','2026-03-29 16:09:14'),(118,18,16,'2026-04-06 09:00:00','Acompanhamento de quadro crônico','agendada','Consulta agendada para próximos dias','2026-03-29 16:09:14','2026-03-29 16:09:14'),(119,19,23,'2026-03-31 10:00:00','Consulta de seguimento','confirmada','Consulta confirmada para próximos dias','2026-03-29 16:09:14','2026-03-29 16:09:14'),(120,20,30,'2026-04-01 11:00:00','Consulta de rotina','agendada','Consulta agendada para próximos dias','2026-03-29 16:09:14','2026-03-29 16:09:14'),(121,21,7,'2026-04-02 12:00:00','Retorno para avaliação clínica','confirmada','Consulta confirmada para próximos dias','2026-03-29 16:09:14','2026-03-29 16:09:14'),(122,22,14,'2026-04-03 13:00:00','Primeira consulta e anamnese','agendada','Consulta agendada para próximos dias','2026-03-29 16:09:14','2026-03-29 16:09:14'),(123,23,21,'2026-04-04 14:00:00','Avaliação de exames laboratoriais','confirmada','Consulta confirmada para próximos dias','2026-03-29 16:09:14','2026-03-29 16:09:14'),(124,24,28,'2026-04-05 15:00:00','Acompanhamento de tratamento','agendada','Consulta agendada para próximos dias','2026-03-29 16:09:14','2026-03-29 16:09:14'),(125,25,5,'2026-04-06 16:00:00','Revisão de medicação','confirmada','Consulta confirmada para próximos dias','2026-03-29 16:09:14','2026-03-29 16:09:14'),(126,26,12,'2026-03-31 08:00:00','Encaminhamento para especialista','agendada','Consulta agendada para próximos dias','2026-03-29 16:09:14','2026-03-29 16:09:14'),(127,27,19,'2026-04-01 09:00:00','Avaliação preventiva anual','confirmada','Consulta confirmada para próximos dias','2026-03-29 16:09:14','2026-03-29 16:09:14'),(128,28,26,'2026-04-02 10:00:00','Consulta por sintomas recorrentes','agendada','Consulta agendada para próximos dias','2026-03-29 16:09:14','2026-03-29 16:09:14'),(129,29,3,'2026-04-03 11:00:00','Reavaliação pós-procedimento','confirmada','Consulta confirmada para próximos dias','2026-03-29 16:09:14','2026-03-29 16:09:14'),(130,30,10,'2026-04-04 12:00:00','Acompanhamento de quadro crônico','agendada','Consulta agendada para próximos dias','2026-03-29 16:09:14','2026-03-29 16:09:14'),(131,31,17,'2026-06-11 11:45:00','Consulta de seguimento','agendada','Aguardando comparecimento do paciente','2026-03-29 16:09:14','2026-03-29 16:09:14'),(132,32,24,'2026-06-12 12:30:00','Consulta de rotina','agendada','Aguardando comparecimento do paciente','2026-03-29 16:09:14','2026-03-29 16:09:14'),(133,33,1,'2026-06-13 13:15:00','Retorno para avaliação clínica','agendada','Aguardando comparecimento do paciente','2026-03-29 16:09:14','2026-03-29 16:09:14'),(134,34,8,'2026-06-14 14:00:00','Primeira consulta e anamnese','confirmada','Paciente confirmou presença por telefone/WhatsApp','2026-03-29 16:09:14','2026-03-29 16:09:14'),(135,35,15,'2026-06-15 08:00:00','Avaliação de exames laboratoriais','confirmada','Paciente confirmou presença por telefone/WhatsApp','2026-03-29 16:09:14','2026-03-29 16:09:14'),(136,36,22,'2026-06-16 08:45:00','Acompanhamento de tratamento','realizada','Consulta concluída e registrada no sistema','2026-03-29 16:09:14','2026-03-29 16:09:14'),(137,37,29,'2026-06-17 09:30:00','Revisão de medicação','realizada','Consulta concluída e registrada no sistema','2026-03-29 16:09:14','2026-03-29 16:09:14'),(138,38,6,'2026-06-18 10:15:00','Encaminhamento para especialista','cancelada','Cancelada por indisponibilidade de horário','2026-03-29 16:09:14','2026-03-29 16:09:14'),(139,39,13,'2026-06-19 11:00:00','Avaliação preventiva anual','pendente','Necessário contato da recepção para confirmação','2026-03-29 16:09:14','2026-03-29 16:09:14'),(140,40,20,'2026-06-20 11:45:00','Consulta por sintomas recorrentes','pendente','Necessário contato da recepção para confirmação','2026-03-29 16:09:14','2026-03-29 16:09:14'),(141,41,27,'2026-06-21 12:30:00','Reavaliação pós-procedimento','agendada','Aguardando comparecimento do paciente','2026-03-29 16:09:14','2026-03-29 16:09:14'),(142,42,4,'2026-06-22 13:15:00','Acompanhamento de quadro crônico','agendada','Aguardando comparecimento do paciente','2026-03-29 16:09:14','2026-03-29 16:09:14'),(143,43,11,'2026-06-23 14:00:00','Consulta de seguimento','agendada','Aguardando comparecimento do paciente','2026-03-29 16:09:14','2026-03-29 16:09:14'),(144,44,18,'2026-06-24 08:00:00','Consulta de rotina','confirmada','Paciente confirmou presença por telefone/WhatsApp','2026-03-29 16:09:14','2026-03-29 16:09:14'),(145,45,25,'2026-06-25 08:45:00','Retorno para avaliação clínica','confirmada','Paciente confirmou presença por telefone/WhatsApp','2026-03-29 16:09:14','2026-03-29 16:09:14'),(146,46,2,'2026-06-26 09:30:00','Primeira consulta e anamnese','realizada','Consulta concluída e registrada no sistema','2026-03-29 16:09:14','2026-03-29 16:09:14'),(147,47,9,'2026-06-27 10:15:00','Avaliação de exames laboratoriais','realizada','Consulta concluída e registrada no sistema','2026-03-29 16:09:14','2026-03-29 16:09:14'),(148,48,16,'2026-06-28 11:00:00','Acompanhamento de tratamento','cancelada','Cancelada por indisponibilidade de horário','2026-03-29 16:09:14','2026-03-29 16:09:14'),(149,49,23,'2026-06-29 11:45:00','Revisão de medicação','pendente','Necessário contato da recepção para confirmação','2026-03-29 16:09:14','2026-03-29 16:09:14'),(150,50,30,'2026-06-30 12:30:00','Encaminhamento para especialista','pendente','Necessário contato da recepção para confirmação','2026-03-29 16:09:14','2026-03-29 16:09:14'),(151,51,7,'2026-07-01 13:15:00','Avaliação preventiva anual','agendada','Aguardando comparecimento do paciente','2026-03-29 16:09:14','2026-03-29 16:09:14'),(152,52,14,'2026-07-02 14:00:00','Consulta por sintomas recorrentes','agendada','Aguardando comparecimento do paciente','2026-03-29 16:09:14','2026-03-29 16:09:14'),(153,53,21,'2026-07-03 08:00:00','Reavaliação pós-procedimento','agendada','Aguardando comparecimento do paciente','2026-03-29 16:09:14','2026-03-29 16:09:14'),(154,54,28,'2026-07-04 08:45:00','Acompanhamento de quadro crônico','confirmada','Paciente confirmou presença por telefone/WhatsApp','2026-03-29 16:09:14','2026-03-29 16:09:14'),(155,55,5,'2026-07-05 09:30:00','Consulta de seguimento','confirmada','Paciente confirmou presença por telefone/WhatsApp','2026-03-29 16:09:14','2026-03-29 16:09:14'),(156,56,12,'2026-07-06 10:15:00','Consulta de rotina','realizada','Consulta concluída e registrada no sistema','2026-03-29 16:09:14','2026-03-29 16:09:14'),(157,57,19,'2026-07-07 11:00:00','Retorno para avaliação clínica','realizada','Consulta concluída e registrada no sistema','2026-03-29 16:09:14','2026-03-29 16:09:14'),(158,58,26,'2026-07-08 11:45:00','Primeira consulta e anamnese','cancelada','Cancelada por indisponibilidade de horário','2026-03-29 16:09:14','2026-03-29 16:09:14'),(159,59,3,'2026-07-09 12:30:00','Avaliação de exames laboratoriais','pendente','Necessário contato da recepção para confirmação','2026-03-29 16:09:14','2026-03-29 16:09:14'),(160,60,10,'2026-07-10 13:15:00','Acompanhamento de tratamento','pendente','Necessário contato da recepção para confirmação','2026-03-29 16:09:14','2026-03-29 16:09:14'),(161,61,17,'2026-07-11 14:00:00','Revisão de medicação','agendada','Aguardando comparecimento do paciente','2026-03-29 16:09:14','2026-03-29 16:09:14'),(162,62,24,'2026-07-12 08:00:00','Encaminhamento para especialista','agendada','Aguardando comparecimento do paciente','2026-03-29 16:09:14','2026-03-29 16:09:14'),(163,63,1,'2026-07-13 08:45:00','Avaliação preventiva anual','agendada','Aguardando comparecimento do paciente','2026-03-29 16:09:14','2026-03-29 16:09:14'),(164,64,8,'2026-07-14 09:30:00','Consulta por sintomas recorrentes','confirmada','Paciente confirmou presença por telefone/WhatsApp','2026-03-29 16:09:14','2026-03-29 16:09:14'),(165,65,15,'2026-07-15 10:15:00','Reavaliação pós-procedimento','confirmada','Paciente confirmou presença por telefone/WhatsApp','2026-03-29 16:09:14','2026-03-29 16:09:14'),(166,66,22,'2026-07-16 11:00:00','Acompanhamento de quadro crônico','realizada','Consulta concluída e registrada no sistema','2026-03-29 16:09:14','2026-03-29 16:09:14'),(167,67,29,'2026-07-17 11:45:00','Consulta de seguimento','realizada','Consulta concluída e registrada no sistema','2026-03-29 16:09:14','2026-03-29 16:09:14'),(168,68,6,'2026-07-18 12:30:00','Consulta de rotina','cancelada','Cancelada por indisponibilidade de horário','2026-03-29 16:09:14','2026-03-29 16:09:14'),(169,69,13,'2026-07-19 13:15:00','Retorno para avaliação clínica','pendente','Necessário contato da recepção para confirmação','2026-03-29 16:09:14','2026-03-29 16:09:14'),(170,70,20,'2026-07-20 14:00:00','Primeira consulta e anamnese','pendente','Necessário contato da recepção para confirmação','2026-03-29 16:09:14','2026-03-29 16:09:14'),(171,71,27,'2026-07-21 08:00:00','Avaliação de exames laboratoriais','agendada','Aguardando comparecimento do paciente','2026-03-29 16:09:14','2026-03-29 16:09:14'),(172,72,4,'2026-07-22 08:45:00','Acompanhamento de tratamento','agendada','Aguardando comparecimento do paciente','2026-03-29 16:09:14','2026-03-29 16:09:14'),(173,73,11,'2026-07-23 09:30:00','Revisão de medicação','agendada','Aguardando comparecimento do paciente','2026-03-29 16:09:14','2026-03-29 16:09:14'),(174,74,18,'2026-07-24 10:15:00','Encaminhamento para especialista','confirmada','Paciente confirmou presença por telefone/WhatsApp','2026-03-29 16:09:14','2026-03-29 16:09:14'),(175,75,25,'2026-07-25 11:00:00','Avaliação preventiva anual','confirmada','Paciente confirmou presença por telefone/WhatsApp','2026-03-29 16:09:14','2026-03-29 16:09:14'),(176,76,2,'2026-07-26 11:45:00','Consulta por sintomas recorrentes','realizada','Consulta concluída e registrada no sistema','2026-03-29 16:09:14','2026-03-29 16:09:14'),(177,77,9,'2026-07-27 12:30:00','Reavaliação pós-procedimento','realizada','Consulta concluída e registrada no sistema','2026-03-29 16:09:14','2026-03-29 16:09:14'),(178,78,16,'2026-07-28 13:15:00','Acompanhamento de quadro crônico','cancelada','Cancelada por indisponibilidade de horário','2026-03-29 16:09:14','2026-03-29 16:09:14'),(179,79,23,'2026-07-29 14:00:00','Consulta de seguimento','pendente','Necessário contato da recepção para confirmação','2026-03-29 16:09:14','2026-03-29 16:09:14'),(180,80,30,'2026-07-30 08:00:00','Consulta de rotina','pendente','Necessário contato da recepção para confirmação','2026-03-29 16:09:14','2026-03-29 16:09:14'),(181,81,7,'2026-07-31 08:45:00','Retorno para avaliação clínica','agendada','Aguardando comparecimento do paciente','2026-03-29 16:09:14','2026-03-29 16:09:14'),(182,82,14,'2026-08-01 09:30:00','Primeira consulta e anamnese','agendada','Aguardando comparecimento do paciente','2026-03-29 16:09:14','2026-03-29 16:09:14'),(183,83,21,'2026-08-02 10:15:00','Avaliação de exames laboratoriais','agendada','Aguardando comparecimento do paciente','2026-03-29 16:09:14','2026-03-29 16:09:14'),(184,84,28,'2026-08-03 11:00:00','Acompanhamento de tratamento','confirmada','Paciente confirmou presença por telefone/WhatsApp','2026-03-29 16:09:14','2026-03-29 16:09:14'),(185,85,5,'2026-08-04 11:45:00','Revisão de medicação','confirmada','Paciente confirmou presença por telefone/WhatsApp','2026-03-29 16:09:14','2026-03-29 16:09:14'),(186,86,12,'2026-08-05 12:30:00','Encaminhamento para especialista','realizada','Consulta concluída e registrada no sistema','2026-03-29 16:09:14','2026-03-29 16:09:14'),(187,87,19,'2026-08-06 13:15:00','Avaliação preventiva anual','realizada','Consulta concluída e registrada no sistema','2026-03-29 16:09:14','2026-03-29 16:09:14'),(188,88,26,'2026-08-07 14:00:00','Consulta por sintomas recorrentes','cancelada','Cancelada por indisponibilidade de horário','2026-03-29 16:09:14','2026-03-29 16:09:14'),(189,89,3,'2026-08-08 08:00:00','Reavaliação pós-procedimento','pendente','Necessário contato da recepção para confirmação','2026-03-29 16:09:14','2026-03-29 16:09:14'),(190,90,10,'2026-08-09 08:45:00','Acompanhamento de quadro crônico','pendente','Necessário contato da recepção para confirmação','2026-03-29 16:09:14','2026-03-29 16:09:14'),(191,91,17,'2026-08-10 09:30:00','Consulta de seguimento','agendada','Aguardando comparecimento do paciente','2026-03-29 16:09:14','2026-03-29 16:09:14'),(192,92,24,'2026-08-11 10:15:00','Consulta de rotina','agendada','Aguardando comparecimento do paciente','2026-03-29 16:09:14','2026-03-29 16:09:14'),(193,93,1,'2026-08-12 11:00:00','Retorno para avaliação clínica','agendada','Aguardando comparecimento do paciente','2026-03-29 16:09:14','2026-03-29 16:09:14'),(194,94,8,'2026-08-13 11:45:00','Primeira consulta e anamnese','confirmada','Paciente confirmou presença por telefone/WhatsApp','2026-03-29 16:09:14','2026-03-29 16:09:14'),(195,95,15,'2026-08-14 12:30:00','Avaliação de exames laboratoriais','confirmada','Paciente confirmou presença por telefone/WhatsApp','2026-03-29 16:09:14','2026-03-29 16:09:14'),(196,96,22,'2026-08-15 13:15:00','Acompanhamento de tratamento','realizada','Consulta concluída e registrada no sistema','2026-03-29 16:09:14','2026-03-29 16:09:14'),(197,97,29,'2026-08-16 14:00:00','Revisão de medicação','realizada','Consulta concluída e registrada no sistema','2026-03-29 16:09:14','2026-03-29 16:09:14'),(198,98,6,'2026-08-17 08:00:00','Encaminhamento para especialista','cancelada','Cancelada por indisponibilidade de horário','2026-03-29 16:09:14','2026-03-29 16:09:14'),(199,99,13,'2026-08-18 08:45:00','Avaliação preventiva anual','pendente','Necessário contato da recepção para confirmação','2026-03-29 16:09:14','2026-03-29 16:09:14'),(200,100,20,'2026-08-19 09:30:00','Consulta por sintomas recorrentes','pendente','Necessário contato da recepção para confirmação','2026-03-29 16:09:14','2026-03-29 16:09:14'),(201,1,27,'2026-08-20 10:15:00','Reavaliação pós-procedimento','agendada','Aguardando comparecimento do paciente','2026-03-29 16:09:14','2026-03-29 16:09:14'),(202,2,4,'2026-08-21 11:00:00','Acompanhamento de quadro crônico','agendada','Aguardando comparecimento do paciente','2026-03-29 16:09:14','2026-03-29 16:09:14'),(203,3,11,'2026-08-22 11:45:00','Consulta de seguimento','agendada','Aguardando comparecimento do paciente','2026-03-29 16:09:14','2026-03-29 16:09:14'),(204,4,18,'2026-08-23 12:30:00','Consulta de rotina','confirmada','Paciente confirmou presença por telefone/WhatsApp','2026-03-29 16:09:14','2026-03-29 16:09:14'),(205,5,25,'2026-08-24 13:15:00','Retorno para avaliação clínica','confirmada','Paciente confirmou presença por telefone/WhatsApp','2026-03-29 16:09:14','2026-03-29 16:09:14'),(206,6,2,'2026-08-25 14:00:00','Primeira consulta e anamnese','realizada','Consulta concluída e registrada no sistema','2026-03-29 16:09:14','2026-03-29 16:09:14'),(207,7,9,'2026-08-26 08:00:00','Avaliação de exames laboratoriais','realizada','Consulta concluída e registrada no sistema','2026-03-29 16:09:14','2026-03-29 16:09:14'),(208,8,16,'2026-08-27 08:45:00','Acompanhamento de tratamento','cancelada','Cancelada por indisponibilidade de horário','2026-03-29 16:09:14','2026-03-29 16:09:14'),(209,9,23,'2026-08-28 09:30:00','Revisão de medicação','pendente','Necessário contato da recepção para confirmação','2026-03-29 16:09:14','2026-03-29 16:09:14'),(210,10,30,'2026-08-29 10:15:00','Encaminhamento para especialista','pendente','Necessário contato da recepção para confirmação','2026-03-29 16:09:14','2026-03-29 16:09:14'),(211,11,7,'2026-08-30 11:00:00','Avaliação preventiva anual','agendada','Aguardando comparecimento do paciente','2026-03-29 16:09:14','2026-03-29 16:09:14'),(212,12,14,'2026-08-31 11:45:00','Consulta por sintomas recorrentes','agendada','Aguardando comparecimento do paciente','2026-03-29 16:09:14','2026-03-29 16:09:14'),(213,13,21,'2026-09-01 12:30:00','Reavaliação pós-procedimento','agendada','Aguardando comparecimento do paciente','2026-03-29 16:09:14','2026-03-29 16:09:14'),(214,14,28,'2026-09-02 13:15:00','Acompanhamento de quadro crônico','confirmada','Paciente confirmou presença por telefone/WhatsApp','2026-03-29 16:09:14','2026-03-29 16:09:14'),(215,15,5,'2026-09-03 14:00:00','Consulta de seguimento','confirmada','Paciente confirmou presença por telefone/WhatsApp','2026-03-29 16:09:14','2026-03-29 16:09:14'),(216,16,12,'2026-09-04 08:00:00','Consulta de rotina','realizada','Consulta concluída e registrada no sistema','2026-03-29 16:09:14','2026-03-29 16:09:14'),(217,17,19,'2026-09-05 08:45:00','Retorno para avaliação clínica','realizada','Consulta concluída e registrada no sistema','2026-03-29 16:09:14','2026-03-29 16:09:14'),(218,18,26,'2026-09-06 09:30:00','Primeira consulta e anamnese','cancelada','Cancelada por indisponibilidade de horário','2026-03-29 16:09:14','2026-03-29 16:09:14'),(219,19,3,'2026-09-07 10:15:00','Avaliação de exames laboratoriais','pendente','Necessário contato da recepção para confirmação','2026-03-29 16:09:14','2026-03-29 16:09:14'),(220,20,10,'2026-09-08 11:00:00','Acompanhamento de tratamento','pendente','Necessário contato da recepção para confirmação','2026-03-29 16:09:14','2026-03-29 16:09:14'),(221,21,17,'2026-09-09 11:45:00','Revisão de medicação','agendada','Aguardando comparecimento do paciente','2026-03-29 16:09:14','2026-03-29 16:09:14'),(222,22,24,'2026-09-10 12:30:00','Encaminhamento para especialista','agendada','Aguardando comparecimento do paciente','2026-03-29 16:09:14','2026-03-29 16:09:14'),(223,23,1,'2026-09-11 13:15:00','Avaliação preventiva anual','agendada','Aguardando comparecimento do paciente','2026-03-29 16:09:14','2026-03-29 16:09:14'),(224,24,8,'2026-09-12 14:00:00','Consulta por sintomas recorrentes','confirmada','Paciente confirmou presença por telefone/WhatsApp','2026-03-29 16:09:14','2026-03-29 16:09:14'),(225,25,15,'2026-09-13 08:00:00','Reavaliação pós-procedimento','confirmada','Paciente confirmou presença por telefone/WhatsApp','2026-03-29 16:09:14','2026-03-29 16:09:14'),(226,26,22,'2026-09-14 08:45:00','Acompanhamento de quadro crônico','realizada','Consulta concluída e registrada no sistema','2026-03-29 16:09:14','2026-03-29 16:09:14'),(227,27,29,'2026-09-15 09:30:00','Consulta de seguimento','realizada','Consulta concluída e registrada no sistema','2026-03-29 16:09:14','2026-03-29 16:09:14'),(228,28,6,'2026-09-16 10:15:00','Consulta de rotina','cancelada','Cancelada por indisponibilidade de horário','2026-03-29 16:09:14','2026-03-29 16:09:14'),(229,29,13,'2026-09-17 11:00:00','Retorno para avaliação clínica','pendente','Necessário contato da recepção para confirmação','2026-03-29 16:09:14','2026-03-29 16:09:14'),(230,30,20,'2026-09-18 11:45:00','Primeira consulta e anamnese','pendente','Necessário contato da recepção para confirmação','2026-03-29 16:09:14','2026-03-29 16:09:14'),(231,31,27,'2026-09-19 12:30:00','Avaliação de exames laboratoriais','agendada','Aguardando comparecimento do paciente','2026-03-29 16:09:14','2026-03-29 16:09:14'),(232,32,4,'2026-09-20 13:15:00','Acompanhamento de tratamento','agendada','Aguardando comparecimento do paciente','2026-03-29 16:09:14','2026-03-29 16:09:14'),(233,33,11,'2026-09-21 14:00:00','Revisão de medicação','agendada','Aguardando comparecimento do paciente','2026-03-29 16:09:14','2026-03-29 16:09:14'),(234,34,18,'2026-09-22 08:00:00','Encaminhamento para especialista','confirmada','Paciente confirmou presença por telefone/WhatsApp','2026-03-29 16:09:14','2026-03-29 16:09:14'),(235,35,25,'2026-09-23 08:45:00','Avaliação preventiva anual','confirmada','Paciente confirmou presença por telefone/WhatsApp','2026-03-29 16:09:14','2026-03-29 16:09:14'),(236,36,2,'2026-09-24 09:30:00','Consulta por sintomas recorrentes','realizada','Consulta concluída e registrada no sistema','2026-03-29 16:09:14','2026-03-29 16:09:14'),(237,37,9,'2026-09-25 10:15:00','Reavaliação pós-procedimento','realizada','Consulta concluída e registrada no sistema','2026-03-29 16:09:14','2026-03-29 16:09:14'),(238,38,16,'2026-09-26 11:00:00','Acompanhamento de quadro crônico','cancelada','Cancelada por indisponibilidade de horário','2026-03-29 16:09:14','2026-03-29 16:09:14'),(239,39,23,'2026-09-27 11:45:00','Consulta de seguimento','pendente','Necessário contato da recepção para confirmação','2026-03-29 16:09:14','2026-03-29 16:09:14'),(240,40,30,'2026-09-28 12:30:00','Consulta de rotina','pendente','Necessário contato da recepção para confirmação','2026-03-29 16:09:14','2026-03-29 16:09:14'),(241,41,7,'2026-09-29 13:15:00','Retorno para avaliação clínica','agendada','Aguardando comparecimento do paciente','2026-03-29 16:09:14','2026-03-29 16:09:14'),(242,42,14,'2026-09-30 14:00:00','Primeira consulta e anamnese','agendada','Aguardando comparecimento do paciente','2026-03-29 16:09:14','2026-03-29 16:09:14'),(243,43,21,'2026-10-01 08:00:00','Avaliação de exames laboratoriais','agendada','Aguardando comparecimento do paciente','2026-03-29 16:09:14','2026-03-29 16:09:14'),(244,44,28,'2026-10-02 08:45:00','Acompanhamento de tratamento','confirmada','Paciente confirmou presença por telefone/WhatsApp','2026-03-29 16:09:14','2026-03-29 16:09:14'),(245,45,5,'2026-10-03 09:30:00','Revisão de medicação','confirmada','Paciente confirmou presença por telefone/WhatsApp','2026-03-29 16:09:14','2026-03-29 16:09:14'),(246,46,12,'2026-10-04 10:15:00','Encaminhamento para especialista','realizada','Consulta concluída e registrada no sistema','2026-03-29 16:09:14','2026-03-29 16:09:14'),(247,47,19,'2026-10-05 11:00:00','Avaliação preventiva anual','realizada','Consulta concluída e registrada no sistema','2026-03-29 16:09:14','2026-03-29 16:09:14'),(248,48,26,'2026-10-06 11:45:00','Consulta por sintomas recorrentes','cancelada','Cancelada por indisponibilidade de horário','2026-03-29 16:09:14','2026-03-29 16:09:14'),(249,49,3,'2026-10-07 12:30:00','Reavaliação pós-procedimento','pendente','Necessário contato da recepção para confirmação','2026-03-29 16:09:14','2026-03-29 16:09:14'),(250,50,10,'2026-10-08 13:15:00','Acompanhamento de quadro crônico','pendente','Necessário contato da recepção para confirmação','2026-03-29 16:09:14','2026-03-29 16:09:14'),(251,51,17,'2026-10-09 14:00:00','Consulta de seguimento','agendada','Aguardando comparecimento do paciente','2026-03-29 16:09:14','2026-03-29 16:09:14'),(252,52,24,'2026-10-10 08:00:00','Consulta de rotina','agendada','Aguardando comparecimento do paciente','2026-03-29 16:09:14','2026-03-29 16:09:14'),(253,53,1,'2026-10-11 08:45:00','Retorno para avaliação clínica','agendada','Aguardando comparecimento do paciente','2026-03-29 16:09:14','2026-03-29 16:09:14'),(254,54,8,'2026-10-12 09:30:00','Primeira consulta e anamnese','confirmada','Paciente confirmou presença por telefone/WhatsApp','2026-03-29 16:09:14','2026-03-29 16:09:14'),(255,55,15,'2026-10-13 10:15:00','Avaliação de exames laboratoriais','confirmada','Paciente confirmou presença por telefone/WhatsApp','2026-03-29 16:09:14','2026-03-29 16:09:14'),(256,56,22,'2026-10-14 11:00:00','Acompanhamento de tratamento','realizada','Consulta concluída e registrada no sistema','2026-03-29 16:09:14','2026-03-29 16:09:14'),(257,57,29,'2026-10-15 11:45:00','Revisão de medicação','realizada','Consulta concluída e registrada no sistema','2026-03-29 16:09:14','2026-03-29 16:09:14'),(258,58,6,'2026-10-16 12:30:00','Encaminhamento para especialista','cancelada','Cancelada por indisponibilidade de horário','2026-03-29 16:09:14','2026-03-29 16:09:14'),(259,59,13,'2026-10-17 13:15:00','Avaliação preventiva anual','pendente','Necessário contato da recepção para confirmação','2026-03-29 16:09:14','2026-03-29 16:09:14'),(260,60,20,'2026-10-18 14:00:00','Consulta por sintomas recorrentes','pendente','Necessário contato da recepção para confirmação','2026-03-29 16:09:14','2026-03-29 16:09:14'),(261,61,27,'2026-10-19 08:00:00','Reavaliação pós-procedimento','agendada','Aguardando comparecimento do paciente','2026-03-29 16:09:14','2026-03-29 16:09:14'),(262,62,4,'2026-10-20 08:45:00','Acompanhamento de quadro crônico','agendada','Aguardando comparecimento do paciente','2026-03-29 16:09:14','2026-03-29 16:09:14'),(263,63,11,'2026-10-21 09:30:00','Consulta de seguimento','agendada','Aguardando comparecimento do paciente','2026-03-29 16:09:14','2026-03-29 16:09:14'),(264,64,18,'2026-10-22 10:15:00','Consulta de rotina','confirmada','Paciente confirmou presença por telefone/WhatsApp','2026-03-29 16:09:14','2026-03-29 16:09:14'),(265,65,25,'2026-10-23 11:00:00','Retorno para avaliação clínica','confirmada','Paciente confirmou presença por telefone/WhatsApp','2026-03-29 16:09:14','2026-03-29 16:09:14'),(266,66,2,'2026-10-24 11:45:00','Primeira consulta e anamnese','realizada','Consulta concluída e registrada no sistema','2026-03-29 16:09:14','2026-03-29 16:09:14'),(267,67,9,'2026-10-25 12:30:00','Avaliação de exames laboratoriais','realizada','Consulta concluída e registrada no sistema','2026-03-29 16:09:14','2026-03-29 16:09:14'),(268,68,16,'2026-10-26 13:15:00','Acompanhamento de tratamento','cancelada','Cancelada por indisponibilidade de horário','2026-03-29 16:09:14','2026-03-29 16:09:14'),(269,69,23,'2026-10-27 14:00:00','Revisão de medicação','pendente','Necessário contato da recepção para confirmação','2026-03-29 16:09:14','2026-03-29 16:09:14'),(270,70,30,'2026-10-28 08:00:00','Encaminhamento para especialista','pendente','Necessário contato da recepção para confirmação','2026-03-29 16:09:14','2026-03-29 16:09:14'),(271,71,7,'2026-10-29 08:45:00','Avaliação preventiva anual','agendada','Aguardando comparecimento do paciente','2026-03-29 16:09:14','2026-03-29 16:09:14'),(272,72,14,'2026-10-30 09:30:00','Consulta por sintomas recorrentes','agendada','Aguardando comparecimento do paciente','2026-03-29 16:09:14','2026-03-29 16:09:14'),(273,73,21,'2026-10-31 10:15:00','Reavaliação pós-procedimento','agendada','Aguardando comparecimento do paciente','2026-03-29 16:09:14','2026-03-29 16:09:14'),(274,74,28,'2026-11-01 11:00:00','Acompanhamento de quadro crônico','confirmada','Paciente confirmou presença por telefone/WhatsApp','2026-03-29 16:09:14','2026-03-29 16:09:14'),(275,75,5,'2026-11-02 11:45:00','Consulta de seguimento','confirmada','Paciente confirmou presença por telefone/WhatsApp','2026-03-29 16:09:14','2026-03-29 16:09:14'),(276,76,12,'2026-11-03 12:30:00','Consulta de rotina','realizada','Consulta concluída e registrada no sistema','2026-03-29 16:09:14','2026-03-29 16:09:14'),(277,77,19,'2026-11-04 13:15:00','Retorno para avaliação clínica','realizada','Consulta concluída e registrada no sistema','2026-03-29 16:09:14','2026-03-29 16:09:14'),(278,78,26,'2026-11-05 14:00:00','Primeira consulta e anamnese','cancelada','Cancelada por indisponibilidade de horário','2026-03-29 16:09:14','2026-03-29 16:09:14'),(279,79,3,'2026-11-06 08:00:00','Avaliação de exames laboratoriais','pendente','Necessário contato da recepção para confirmação','2026-03-29 16:09:14','2026-03-29 16:09:14'),(280,80,10,'2026-11-07 08:45:00','Acompanhamento de tratamento','pendente','Necessário contato da recepção para confirmação','2026-03-29 16:09:14','2026-03-29 16:09:14'),(281,81,17,'2026-11-08 09:30:00','Revisão de medicação','agendada','Aguardando comparecimento do paciente','2026-03-29 16:09:14','2026-03-29 16:09:14'),(282,82,24,'2026-11-09 10:15:00','Encaminhamento para especialista','agendada','Aguardando comparecimento do paciente','2026-03-29 16:09:14','2026-03-29 16:09:14'),(283,83,1,'2026-11-10 11:00:00','Avaliação preventiva anual','agendada','Aguardando comparecimento do paciente','2026-03-29 16:09:14','2026-03-29 16:09:14'),(284,84,8,'2026-11-11 11:45:00','Consulta por sintomas recorrentes','confirmada','Paciente confirmou presença por telefone/WhatsApp','2026-03-29 16:09:14','2026-03-29 16:09:14'),(285,85,15,'2026-11-12 12:30:00','Reavaliação pós-procedimento','confirmada','Paciente confirmou presença por telefone/WhatsApp','2026-03-29 16:09:14','2026-03-29 16:09:14'),(286,86,22,'2026-11-13 13:15:00','Acompanhamento de quadro crônico','realizada','Consulta concluída e registrada no sistema','2026-03-29 16:09:14','2026-03-29 16:09:14'),(287,87,29,'2026-11-14 14:00:00','Consulta de seguimento','realizada','Consulta concluída e registrada no sistema','2026-03-29 16:09:14','2026-03-29 16:09:14'),(288,88,6,'2026-11-15 08:00:00','Consulta de rotina','cancelada','Cancelada por indisponibilidade de horário','2026-03-29 16:09:14','2026-03-29 16:09:14'),(289,89,13,'2026-11-16 08:45:00','Retorno para avaliação clínica','pendente','Necessário contato da recepção para confirmação','2026-03-29 16:09:14','2026-03-29 16:09:14'),(290,90,20,'2026-11-17 09:30:00','Primeira consulta e anamnese','pendente','Necessário contato da recepção para confirmação','2026-03-29 16:09:14','2026-03-29 16:09:14'),(291,91,27,'2026-11-18 10:15:00','Avaliação de exames laboratoriais','agendada','Aguardando comparecimento do paciente','2026-03-29 16:09:14','2026-03-29 16:09:14'),(292,92,4,'2026-11-19 11:00:00','Acompanhamento de tratamento','agendada','Aguardando comparecimento do paciente','2026-03-29 16:09:14','2026-03-29 16:09:14'),(293,93,11,'2026-11-20 11:45:00','Revisão de medicação','agendada','Aguardando comparecimento do paciente','2026-03-29 16:09:14','2026-03-29 16:09:14'),(294,94,18,'2026-11-21 12:30:00','Encaminhamento para especialista','confirmada','Paciente confirmou presença por telefone/WhatsApp','2026-03-29 16:09:14','2026-03-29 16:09:14'),(295,95,25,'2026-11-22 13:15:00','Avaliação preventiva anual','confirmada','Paciente confirmou presença por telefone/WhatsApp','2026-03-29 16:09:14','2026-03-29 16:09:14'),(296,96,2,'2026-11-23 14:00:00','Consulta por sintomas recorrentes','realizada','Consulta concluída e registrada no sistema','2026-03-29 16:09:14','2026-03-29 16:09:14'),(297,97,9,'2026-11-24 08:00:00','Reavaliação pós-procedimento','realizada','Consulta concluída e registrada no sistema','2026-03-29 16:09:14','2026-03-29 16:09:14'),(298,98,16,'2026-11-25 08:45:00','Acompanhamento de quadro crônico','cancelada','Cancelada por indisponibilidade de horário','2026-03-29 16:09:14','2026-03-29 16:09:14'),(299,99,23,'2026-11-26 09:30:00','Consulta de seguimento','pendente','Necessário contato da recepção para confirmação','2026-03-29 16:09:14','2026-03-29 16:09:14'),(300,100,30,'2026-11-27 10:15:00','Consulta de rotina','pendente','Necessário contato da recepção para confirmação','2026-03-29 16:09:14','2026-03-29 16:09:14'),(301,1,7,'2026-11-28 11:00:00','Retorno para avaliação clínica','agendada','Aguardando comparecimento do paciente','2026-03-29 16:09:14','2026-03-29 16:09:14'),(302,2,14,'2026-11-29 11:45:00','Primeira consulta e anamnese','agendada','Aguardando comparecimento do paciente','2026-03-29 16:09:14','2026-03-29 16:09:14'),(303,3,21,'2026-11-30 12:30:00','Avaliação de exames laboratoriais','agendada','Aguardando comparecimento do paciente','2026-03-29 16:09:14','2026-03-29 16:09:14'),(304,4,28,'2026-12-01 13:15:00','Acompanhamento de tratamento','confirmada','Paciente confirmou presença por telefone/WhatsApp','2026-03-29 16:09:14','2026-03-29 16:09:14'),(305,5,5,'2026-12-02 14:00:00','Revisão de medicação','confirmada','Paciente confirmou presença por telefone/WhatsApp','2026-03-29 16:09:14','2026-03-29 16:09:14'),(306,6,12,'2026-12-03 08:00:00','Encaminhamento para especialista','realizada','Consulta concluída e registrada no sistema','2026-03-29 16:09:14','2026-03-29 16:09:14'),(307,7,19,'2026-12-04 08:45:00','Avaliação preventiva anual','realizada','Consulta concluída e registrada no sistema','2026-03-29 16:09:14','2026-03-29 16:09:14'),(308,8,26,'2026-12-05 09:30:00','Consulta por sintomas recorrentes','cancelada','Cancelada por indisponibilidade de horário','2026-03-29 16:09:14','2026-03-29 16:09:14'),(309,9,3,'2026-12-06 10:15:00','Reavaliação pós-procedimento','pendente','Necessário contato da recepção para confirmação','2026-03-29 16:09:14','2026-03-29 16:09:14'),(310,10,10,'2026-12-07 11:00:00','Acompanhamento de quadro crônico','pendente','Necessário contato da recepção para confirmação','2026-03-29 16:09:14','2026-03-29 16:09:14'),(311,11,17,'2026-12-08 11:45:00','Consulta de seguimento','agendada','Aguardando comparecimento do paciente','2026-03-29 16:09:14','2026-03-29 16:09:14'),(312,12,24,'2026-12-09 12:30:00','Consulta de rotina','agendada','Aguardando comparecimento do paciente','2026-03-29 16:09:14','2026-03-29 16:09:14'),(313,13,1,'2026-12-10 13:15:00','Retorno para avaliação clínica','agendada','Aguardando comparecimento do paciente','2026-03-29 16:09:14','2026-03-29 16:09:14'),(314,14,8,'2026-12-11 14:00:00','Primeira consulta e anamnese','confirmada','Paciente confirmou presença por telefone/WhatsApp','2026-03-29 16:09:14','2026-03-29 16:09:14'),(315,15,15,'2026-12-12 08:00:00','Avaliação de exames laboratoriais','confirmada','Paciente confirmou presença por telefone/WhatsApp','2026-03-29 16:09:14','2026-03-29 16:09:14'),(316,16,22,'2026-12-13 08:45:00','Acompanhamento de tratamento','realizada','Consulta concluída e registrada no sistema','2026-03-29 16:09:14','2026-03-29 16:09:14'),(317,17,29,'2026-12-14 09:30:00','Revisão de medicação','realizada','Consulta concluída e registrada no sistema','2026-03-29 16:09:14','2026-03-29 16:09:14'),(318,18,6,'2026-12-15 10:15:00','Encaminhamento para especialista','cancelada','Cancelada por indisponibilidade de horário','2026-03-29 16:09:14','2026-03-29 16:09:14'),(319,19,13,'2026-12-16 11:00:00','Avaliação preventiva anual','pendente','Necessário contato da recepção para confirmação','2026-03-29 16:09:14','2026-03-29 16:09:14'),(320,20,20,'2026-12-17 11:45:00','Consulta por sintomas recorrentes','pendente','Necessário contato da recepção para confirmação','2026-03-29 16:09:14','2026-03-29 16:09:14'),(321,21,27,'2026-12-18 12:30:00','Reavaliação pós-procedimento','agendada','Aguardando comparecimento do paciente','2026-03-29 16:09:14','2026-03-29 16:09:14'),(322,22,4,'2026-12-19 13:15:00','Acompanhamento de quadro crônico','agendada','Aguardando comparecimento do paciente','2026-03-29 16:09:14','2026-03-29 16:09:14'),(323,23,11,'2026-12-20 14:00:00','Consulta de seguimento','agendada','Aguardando comparecimento do paciente','2026-03-29 16:09:14','2026-03-29 16:09:14'),(324,24,18,'2026-12-21 08:00:00','Consulta de rotina','confirmada','Paciente confirmou presença por telefone/WhatsApp','2026-03-29 16:09:14','2026-03-29 16:09:14'),(325,25,25,'2026-12-22 08:45:00','Retorno para avaliação clínica','confirmada','Paciente confirmou presença por telefone/WhatsApp','2026-03-29 16:09:14','2026-03-29 16:09:14'),(326,26,2,'2026-12-23 09:30:00','Primeira consulta e anamnese','realizada','Consulta concluída e registrada no sistema','2026-03-29 16:09:14','2026-03-29 16:09:14'),(327,27,9,'2026-12-24 10:15:00','Avaliação de exames laboratoriais','realizada','Consulta concluída e registrada no sistema','2026-03-29 16:09:14','2026-03-29 16:09:14'),(328,28,16,'2026-12-25 11:00:00','Acompanhamento de tratamento','cancelada','Cancelada por indisponibilidade de horário','2026-03-29 16:09:14','2026-03-29 16:09:14'),(329,29,23,'2026-12-26 11:45:00','Revisão de medicação','pendente','Necessário contato da recepção para confirmação','2026-03-29 16:09:14','2026-03-29 16:09:14'),(330,30,30,'2026-12-27 12:30:00','Encaminhamento para especialista','pendente','Necessário contato da recepção para confirmação','2026-03-29 16:09:14','2026-03-29 16:09:14'),(331,31,7,'2026-12-28 13:15:00','Avaliação preventiva anual','agendada','Aguardando comparecimento do paciente','2026-03-29 16:09:14','2026-03-29 16:09:14'),(332,32,14,'2026-12-29 14:00:00','Consulta por sintomas recorrentes','agendada','Aguardando comparecimento do paciente','2026-03-29 16:09:14','2026-03-29 16:09:14'),(333,33,21,'2026-12-30 08:00:00','Reavaliação pós-procedimento','agendada','Aguardando comparecimento do paciente','2026-03-29 16:09:14','2026-03-29 16:09:14'),(334,34,28,'2026-12-31 08:45:00','Acompanhamento de quadro crônico','confirmada','Paciente confirmou presença por telefone/WhatsApp','2026-03-29 16:09:14','2026-03-29 16:09:14'),(335,35,5,'2027-01-01 09:30:00','Consulta de seguimento','confirmada','Paciente confirmou presença por telefone/WhatsApp','2026-03-29 16:09:14','2026-03-29 16:09:14'),(336,36,12,'2027-01-02 10:15:00','Consulta de rotina','realizada','Consulta concluída e registrada no sistema','2026-03-29 16:09:14','2026-03-29 16:09:14'),(337,37,19,'2027-01-03 11:00:00','Retorno para avaliação clínica','realizada','Consulta concluída e registrada no sistema','2026-03-29 16:09:14','2026-03-29 16:09:14'),(338,38,26,'2027-01-04 11:45:00','Primeira consulta e anamnese','cancelada','Cancelada por indisponibilidade de horário','2026-03-29 16:09:14','2026-03-29 16:09:14'),(339,39,3,'2027-01-05 12:30:00','Avaliação de exames laboratoriais','pendente','Necessário contato da recepção para confirmação','2026-03-29 16:09:14','2026-03-29 16:09:14'),(340,40,10,'2027-01-06 13:15:00','Acompanhamento de tratamento','pendente','Necessário contato da recepção para confirmação','2026-03-29 16:09:14','2026-03-29 16:09:14'),(341,41,17,'2027-01-07 14:00:00','Revisão de medicação','agendada','Aguardando comparecimento do paciente','2026-03-29 16:09:14','2026-03-29 16:09:14'),(342,42,24,'2027-01-08 08:00:00','Encaminhamento para especialista','agendada','Aguardando comparecimento do paciente','2026-03-29 16:09:14','2026-03-29 16:09:14'),(343,43,1,'2027-01-09 08:45:00','Avaliação preventiva anual','agendada','Aguardando comparecimento do paciente','2026-03-29 16:09:14','2026-03-29 16:09:14'),(344,44,8,'2027-01-10 09:30:00','Consulta por sintomas recorrentes','confirmada','Paciente confirmou presença por telefone/WhatsApp','2026-03-29 16:09:14','2026-03-29 16:09:14'),(345,45,15,'2027-01-11 10:15:00','Reavaliação pós-procedimento','confirmada','Paciente confirmou presença por telefone/WhatsApp','2026-03-29 16:09:14','2026-03-29 16:09:14'),(346,46,22,'2027-01-12 11:00:00','Acompanhamento de quadro crônico','realizada','Consulta concluída e registrada no sistema','2026-03-29 16:09:14','2026-03-29 16:09:14'),(347,47,29,'2027-01-13 11:45:00','Consulta de seguimento','realizada','Consulta concluída e registrada no sistema','2026-03-29 16:09:14','2026-03-29 16:09:14'),(348,48,6,'2027-01-14 12:30:00','Consulta de rotina','cancelada','Cancelada por indisponibilidade de horário','2026-03-29 16:09:14','2026-03-29 16:09:14'),(349,49,13,'2027-01-15 13:15:00','Retorno para avaliação clínica','pendente','Necessário contato da recepção para confirmação','2026-03-29 16:09:14','2026-03-29 16:09:14'),(350,50,20,'2027-01-16 14:00:00','Primeira consulta e anamnese','pendente','Necessário contato da recepção para confirmação','2026-03-29 16:09:14','2026-03-29 16:09:14'),(351,51,27,'2027-01-17 08:00:00','Avaliação de exames laboratoriais','agendada','Aguardando comparecimento do paciente','2026-03-29 16:09:14','2026-03-29 16:09:14'),(352,52,4,'2027-01-18 08:45:00','Acompanhamento de tratamento','agendada','Aguardando comparecimento do paciente','2026-03-29 16:09:14','2026-03-29 16:09:14'),(353,53,11,'2027-01-19 09:30:00','Revisão de medicação','agendada','Aguardando comparecimento do paciente','2026-03-29 16:09:14','2026-03-29 16:09:14'),(354,54,18,'2027-01-20 10:15:00','Encaminhamento para especialista','confirmada','Paciente confirmou presença por telefone/WhatsApp','2026-03-29 16:09:14','2026-03-29 16:09:14'),(355,55,25,'2027-01-21 11:00:00','Avaliação preventiva anual','confirmada','Paciente confirmou presença por telefone/WhatsApp','2026-03-29 16:09:14','2026-03-29 16:09:14'),(356,56,2,'2027-01-22 11:45:00','Consulta por sintomas recorrentes','realizada','Consulta concluída e registrada no sistema','2026-03-29 16:09:14','2026-03-29 16:09:14'),(357,57,9,'2027-01-23 12:30:00','Reavaliação pós-procedimento','realizada','Consulta concluída e registrada no sistema','2026-03-29 16:09:14','2026-03-29 16:09:14'),(358,58,16,'2027-01-24 13:15:00','Acompanhamento de quadro crônico','cancelada','Cancelada por indisponibilidade de horário','2026-03-29 16:09:14','2026-03-29 16:09:14'),(359,59,23,'2027-01-25 14:00:00','Consulta de seguimento','pendente','Necessário contato da recepção para confirmação','2026-03-29 16:09:14','2026-03-29 16:09:14'),(360,60,30,'2027-01-26 08:00:00','Consulta de rotina','pendente','Necessário contato da recepção para confirmação','2026-03-29 16:09:14','2026-03-29 16:09:14'),(361,61,7,'2027-01-27 08:45:00','Retorno para avaliação clínica','agendada','Aguardando comparecimento do paciente','2026-03-29 16:09:14','2026-03-29 16:09:14'),(362,62,14,'2027-01-28 09:30:00','Primeira consulta e anamnese','agendada','Aguardando comparecimento do paciente','2026-03-29 16:09:14','2026-03-29 16:09:14'),(363,63,21,'2027-01-29 10:15:00','Avaliação de exames laboratoriais','agendada','Aguardando comparecimento do paciente','2026-03-29 16:09:14','2026-03-29 16:09:14'),(364,64,28,'2027-01-30 11:00:00','Acompanhamento de tratamento','confirmada','Paciente confirmou presença por telefone/WhatsApp','2026-03-29 16:09:14','2026-03-29 16:09:14'),(365,65,5,'2027-01-31 11:45:00','Revisão de medicação','confirmada','Paciente confirmou presença por telefone/WhatsApp','2026-03-29 16:09:14','2026-03-29 16:09:14'),(366,66,12,'2027-02-01 12:30:00','Encaminhamento para especialista','realizada','Consulta concluída e registrada no sistema','2026-03-29 16:09:14','2026-03-29 16:09:14'),(367,67,19,'2027-02-02 13:15:00','Avaliação preventiva anual','realizada','Consulta concluída e registrada no sistema','2026-03-29 16:09:14','2026-03-29 16:09:14'),(368,68,26,'2027-02-03 14:00:00','Consulta por sintomas recorrentes','cancelada','Cancelada por indisponibilidade de horário','2026-03-29 16:09:14','2026-03-29 16:09:14'),(369,69,3,'2027-02-04 08:00:00','Reavaliação pós-procedimento','pendente','Necessário contato da recepção para confirmação','2026-03-29 16:09:14','2026-03-29 16:09:14'),(370,70,10,'2027-02-05 08:45:00','Acompanhamento de quadro crônico','pendente','Necessário contato da recepção para confirmação','2026-03-29 16:09:14','2026-03-29 16:09:14'),(371,71,17,'2027-02-06 09:30:00','Consulta de seguimento','agendada','Aguardando comparecimento do paciente','2026-03-29 16:09:14','2026-03-29 16:09:14'),(372,72,24,'2027-02-07 10:15:00','Consulta de rotina','agendada','Aguardando comparecimento do paciente','2026-03-29 16:09:14','2026-03-29 16:09:14'),(373,73,1,'2027-02-08 11:00:00','Retorno para avaliação clínica','agendada','Aguardando comparecimento do paciente','2026-03-29 16:09:14','2026-03-29 16:09:14'),(374,74,8,'2027-02-09 11:45:00','Primeira consulta e anamnese','confirmada','Paciente confirmou presença por telefone/WhatsApp','2026-03-29 16:09:14','2026-03-29 16:09:14'),(375,75,15,'2027-02-10 12:30:00','Avaliação de exames laboratoriais','confirmada','Paciente confirmou presença por telefone/WhatsApp','2026-03-29 16:09:14','2026-03-29 16:09:14'),(376,76,22,'2027-02-11 13:15:00','Acompanhamento de tratamento','realizada','Consulta concluída e registrada no sistema','2026-03-29 16:09:14','2026-03-29 16:09:14'),(377,77,29,'2027-02-12 14:00:00','Revisão de medicação','realizada','Consulta concluída e registrada no sistema','2026-03-29 16:09:14','2026-03-29 16:09:14'),(378,78,6,'2027-02-13 08:00:00','Encaminhamento para especialista','cancelada','Cancelada por indisponibilidade de horário','2026-03-29 16:09:14','2026-03-29 16:09:14'),(379,79,13,'2027-02-14 08:45:00','Avaliação preventiva anual','pendente','Necessário contato da recepção para confirmação','2026-03-29 16:09:14','2026-03-29 16:09:14'),(380,80,20,'2027-02-15 09:30:00','Consulta por sintomas recorrentes','pendente','Necessário contato da recepção para confirmação','2026-03-29 16:09:14','2026-03-29 16:09:14'),(381,81,27,'2027-02-16 10:15:00','Reavaliação pós-procedimento','agendada','Aguardando comparecimento do paciente','2026-03-29 16:09:14','2026-03-29 16:09:14'),(382,82,4,'2027-02-17 11:00:00','Acompanhamento de quadro crônico','agendada','Aguardando comparecimento do paciente','2026-03-29 16:09:14','2026-03-29 16:09:14'),(383,83,11,'2027-02-18 11:45:00','Consulta de seguimento','agendada','Aguardando comparecimento do paciente','2026-03-29 16:09:14','2026-03-29 16:09:14'),(384,84,18,'2027-02-19 12:30:00','Consulta de rotina','confirmada','Paciente confirmou presença por telefone/WhatsApp','2026-03-29 16:09:14','2026-03-29 16:09:14'),(385,85,25,'2027-02-20 13:15:00','Retorno para avaliação clínica','confirmada','Paciente confirmou presença por telefone/WhatsApp','2026-03-29 16:09:14','2026-03-29 16:09:14'),(386,86,2,'2027-02-21 14:00:00','Primeira consulta e anamnese','realizada','Consulta concluída e registrada no sistema','2026-03-29 16:09:14','2026-03-29 16:09:14'),(387,87,9,'2027-02-22 08:00:00','Avaliação de exames laboratoriais','realizada','Consulta concluída e registrada no sistema','2026-03-29 16:09:14','2026-03-29 16:09:14'),(388,88,16,'2027-02-23 08:45:00','Acompanhamento de tratamento','cancelada','Cancelada por indisponibilidade de horário','2026-03-29 16:09:14','2026-03-29 16:09:14'),(389,89,23,'2027-02-24 09:30:00','Revisão de medicação','pendente','Necessário contato da recepção para confirmação','2026-03-29 16:09:14','2026-03-29 16:09:14'),(390,90,30,'2027-02-25 10:15:00','Encaminhamento para especialista','pendente','Necessário contato da recepção para confirmação','2026-03-29 16:09:14','2026-03-29 16:09:14'),(391,91,7,'2027-02-26 11:00:00','Avaliação preventiva anual','agendada','Aguardando comparecimento do paciente','2026-03-29 16:09:14','2026-03-29 16:09:14'),(392,92,14,'2027-02-27 11:45:00','Consulta por sintomas recorrentes','agendada','Aguardando comparecimento do paciente','2026-03-29 16:09:14','2026-03-29 16:09:14'),(393,93,21,'2027-02-28 12:30:00','Reavaliação pós-procedimento','agendada','Aguardando comparecimento do paciente','2026-03-29 16:09:14','2026-03-29 16:09:14'),(394,94,28,'2027-03-01 13:15:00','Acompanhamento de quadro crônico','confirmada','Paciente confirmou presença por telefone/WhatsApp','2026-03-29 16:09:14','2026-03-29 16:09:14'),(395,95,5,'2027-03-02 14:00:00','Consulta de seguimento','confirmada','Paciente confirmou presença por telefone/WhatsApp','2026-03-29 16:09:14','2026-03-29 16:09:14'),(396,96,12,'2027-03-03 08:00:00','Consulta de rotina','realizada','Consulta concluída e registrada no sistema','2026-03-29 16:09:14','2026-03-29 16:09:14'),(397,97,19,'2027-03-04 08:45:00','Retorno para avaliação clínica','realizada','Consulta concluída e registrada no sistema','2026-03-29 16:09:14','2026-03-29 16:09:14'),(398,98,26,'2027-03-05 09:30:00','Primeira consulta e anamnese','cancelada','Cancelada por indisponibilidade de horário','2026-03-29 16:09:14','2026-03-29 16:09:14'),(399,99,3,'2027-03-06 10:15:00','Avaliação de exames laboratoriais','pendente','Necessário contato da recepção para confirmação','2026-03-29 16:09:14','2026-03-29 16:09:14'),(400,100,10,'2027-03-07 11:00:00','Acompanhamento de tratamento','pendente','Necessário contato da recepção para confirmação','2026-03-29 16:09:14','2026-03-29 16:09:14'),(401,1,17,'2027-03-08 11:45:00','Revisão de medicação','agendada','Aguardando comparecimento do paciente','2026-03-29 16:09:14','2026-03-29 16:09:14'),(402,2,24,'2027-03-09 12:30:00','Encaminhamento para especialista','agendada','Aguardando comparecimento do paciente','2026-03-29 16:09:14','2026-03-29 16:09:14'),(403,3,1,'2027-03-10 13:15:00','Avaliação preventiva anual','agendada','Aguardando comparecimento do paciente','2026-03-29 16:09:14','2026-03-29 16:09:14'),(404,4,8,'2027-03-11 14:00:00','Consulta por sintomas recorrentes','confirmada','Paciente confirmou presença por telefone/WhatsApp','2026-03-29 16:09:14','2026-03-29 16:09:14'),(405,5,15,'2027-03-12 08:00:00','Reavaliação pós-procedimento','confirmada','Paciente confirmou presença por telefone/WhatsApp','2026-03-29 16:09:14','2026-03-29 16:09:14'),(406,6,22,'2027-03-13 08:45:00','Acompanhamento de quadro crônico','realizada','Consulta concluída e registrada no sistema','2026-03-29 16:09:14','2026-03-29 16:09:14'),(407,7,29,'2027-03-14 09:30:00','Consulta de seguimento','realizada','Consulta concluída e registrada no sistema','2026-03-29 16:09:14','2026-03-29 16:09:14'),(408,8,6,'2027-03-15 10:15:00','Consulta de rotina','cancelada','Cancelada por indisponibilidade de horário','2026-03-29 16:09:14','2026-03-29 16:09:14'),(409,9,13,'2027-03-16 11:00:00','Retorno para avaliação clínica','pendente','Necessário contato da recepção para confirmação','2026-03-29 16:09:14','2026-03-29 16:09:14'),(410,10,20,'2027-03-17 11:45:00','Primeira consulta e anamnese','pendente','Necessário contato da recepção para confirmação','2026-03-29 16:09:14','2026-03-29 16:09:14'),(411,11,27,'2027-03-18 12:30:00','Avaliação de exames laboratoriais','agendada','Aguardando comparecimento do paciente','2026-03-29 16:09:14','2026-03-29 16:09:14'),(412,12,4,'2027-03-19 13:15:00','Acompanhamento de tratamento','agendada','Aguardando comparecimento do paciente','2026-03-29 16:09:14','2026-03-29 16:09:14'),(413,13,11,'2027-03-20 14:00:00','Revisão de medicação','agendada','Aguardando comparecimento do paciente','2026-03-29 16:09:14','2026-03-29 16:09:14'),(414,14,18,'2027-03-21 08:00:00','Encaminhamento para especialista','confirmada','Paciente confirmou presença por telefone/WhatsApp','2026-03-29 16:09:14','2026-03-29 16:09:14'),(415,15,25,'2027-03-22 08:45:00','Avaliação preventiva anual','confirmada','Paciente confirmou presença por telefone/WhatsApp','2026-03-29 16:09:14','2026-03-29 16:09:14'),(416,16,2,'2027-03-23 09:30:00','Consulta por sintomas recorrentes','realizada','Consulta concluída e registrada no sistema','2026-03-29 16:09:14','2026-03-29 16:09:14'),(417,17,9,'2027-03-24 10:15:00','Reavaliação pós-procedimento','realizada','Consulta concluída e registrada no sistema','2026-03-29 16:09:14','2026-03-29 16:09:14'),(418,18,16,'2027-03-25 11:00:00','Acompanhamento de quadro crônico','cancelada','Cancelada por indisponibilidade de horário','2026-03-29 16:09:14','2026-03-29 16:09:14'),(419,19,23,'2027-03-26 11:45:00','Consulta de seguimento','pendente','Necessário contato da recepção para confirmação','2026-03-29 16:09:14','2026-03-29 16:09:14'),(420,20,30,'2027-03-27 12:30:00','Consulta de rotina','pendente','Necessário contato da recepção para confirmação','2026-03-29 16:09:14','2026-03-29 16:09:14'),(421,21,7,'2027-03-28 13:15:00','Retorno para avaliação clínica','agendada','Aguardando comparecimento do paciente','2026-03-29 16:09:14','2026-03-29 16:09:14'),(422,22,14,'2027-03-29 14:00:00','Primeira consulta e anamnese','agendada','Aguardando comparecimento do paciente','2026-03-29 16:09:14','2026-03-29 16:09:14'),(423,23,21,'2027-03-30 08:00:00','Avaliação de exames laboratoriais','agendada','Aguardando comparecimento do paciente','2026-03-29 16:09:14','2026-03-29 16:09:14'),(424,24,28,'2027-03-31 08:45:00','Acompanhamento de tratamento','confirmada','Paciente confirmou presença por telefone/WhatsApp','2026-03-29 16:09:14','2026-03-29 16:09:14'),(425,25,5,'2027-04-01 09:30:00','Revisão de medicação','confirmada','Paciente confirmou presença por telefone/WhatsApp','2026-03-29 16:09:14','2026-03-29 16:09:14'),(426,26,12,'2027-04-02 10:15:00','Encaminhamento para especialista','realizada','Consulta concluída e registrada no sistema','2026-03-29 16:09:14','2026-03-29 16:09:14'),(427,27,19,'2027-04-03 11:00:00','Avaliação preventiva anual','realizada','Consulta concluída e registrada no sistema','2026-03-29 16:09:14','2026-03-29 16:09:14'),(428,28,26,'2027-04-04 11:45:00','Consulta por sintomas recorrentes','cancelada','Cancelada por indisponibilidade de horário','2026-03-29 16:09:14','2026-03-29 16:09:14'),(429,29,3,'2027-04-05 12:30:00','Reavaliação pós-procedimento','pendente','Necessário contato da recepção para confirmação','2026-03-29 16:09:14','2026-03-29 16:09:14'),(430,30,10,'2027-04-06 13:15:00','Acompanhamento de quadro crônico','pendente','Necessário contato da recepção para confirmação','2026-03-29 16:09:14','2026-03-29 16:09:14'),(431,31,17,'2027-04-07 14:00:00','Consulta de seguimento','agendada','Aguardando comparecimento do paciente','2026-03-29 16:09:14','2026-03-29 16:09:14'),(432,32,24,'2027-04-08 08:00:00','Consulta de rotina','agendada','Aguardando comparecimento do paciente','2026-03-29 16:09:14','2026-03-29 16:09:14'),(433,33,1,'2027-04-09 08:45:00','Retorno para avaliação clínica','agendada','Aguardando comparecimento do paciente','2026-03-29 16:09:14','2026-03-29 16:09:14'),(434,34,8,'2027-04-10 09:30:00','Primeira consulta e anamnese','confirmada','Paciente confirmou presença por telefone/WhatsApp','2026-03-29 16:09:14','2026-03-29 16:09:14'),(435,35,15,'2027-04-11 10:15:00','Avaliação de exames laboratoriais','confirmada','Paciente confirmou presença por telefone/WhatsApp','2026-03-29 16:09:14','2026-03-29 16:09:14'),(436,36,22,'2027-04-12 11:00:00','Acompanhamento de tratamento','realizada','Consulta concluída e registrada no sistema','2026-03-29 16:09:14','2026-03-29 16:09:14'),(437,37,29,'2027-04-13 11:45:00','Revisão de medicação','realizada','Consulta concluída e registrada no sistema','2026-03-29 16:09:14','2026-03-29 16:09:14'),(438,38,6,'2027-04-14 12:30:00','Encaminhamento para especialista','cancelada','Cancelada por indisponibilidade de horário','2026-03-29 16:09:14','2026-03-29 16:09:14'),(439,39,13,'2027-04-15 13:15:00','Avaliação preventiva anual','pendente','Necessário contato da recepção para confirmação','2026-03-29 16:09:14','2026-03-29 16:09:14'),(440,40,20,'2027-04-16 14:00:00','Consulta por sintomas recorrentes','pendente','Necessário contato da recepção para confirmação','2026-03-29 16:09:14','2026-03-29 16:09:14'),(441,41,27,'2027-04-17 08:00:00','Reavaliação pós-procedimento','agendada','Aguardando comparecimento do paciente','2026-03-29 16:09:14','2026-03-29 16:09:14'),(442,42,4,'2027-04-18 08:45:00','Acompanhamento de quadro crônico','agendada','Aguardando comparecimento do paciente','2026-03-29 16:09:14','2026-03-29 16:09:14'),(443,43,11,'2027-04-19 09:30:00','Consulta de seguimento','agendada','Aguardando comparecimento do paciente','2026-03-29 16:09:14','2026-03-29 16:09:14'),(444,44,18,'2027-04-20 10:15:00','Consulta de rotina','confirmada','Paciente confirmou presença por telefone/WhatsApp','2026-03-29 16:09:14','2026-03-29 16:09:14'),(445,45,25,'2027-04-21 11:00:00','Retorno para avaliação clínica','confirmada','Paciente confirmou presença por telefone/WhatsApp','2026-03-29 16:09:14','2026-03-29 16:09:14'),(446,46,2,'2027-04-22 11:45:00','Primeira consulta e anamnese','realizada','Consulta concluída e registrada no sistema','2026-03-29 16:09:14','2026-03-29 16:09:14'),(447,47,9,'2027-04-23 12:30:00','Avaliação de exames laboratoriais','realizada','Consulta concluída e registrada no sistema','2026-03-29 16:09:14','2026-03-29 16:09:14'),(448,48,16,'2027-04-24 13:15:00','Acompanhamento de tratamento','cancelada','Cancelada por indisponibilidade de horário','2026-03-29 16:09:14','2026-03-29 16:09:14'),(449,49,23,'2027-04-25 14:00:00','Revisão de medicação','pendente','Necessário contato da recepção para confirmação','2026-03-29 16:09:14','2026-03-29 16:09:14'),(450,50,30,'2027-04-26 08:00:00','Encaminhamento para especialista','pendente','Necessário contato da recepção para confirmação','2026-03-29 16:09:14','2026-03-29 16:09:14'),(451,51,7,'2027-04-27 08:45:00','Avaliação preventiva anual','agendada','Aguardando comparecimento do paciente','2026-03-29 16:09:14','2026-03-29 16:09:14'),(452,52,14,'2027-04-28 09:30:00','Consulta por sintomas recorrentes','agendada','Aguardando comparecimento do paciente','2026-03-29 16:09:14','2026-03-29 16:09:14'),(453,53,21,'2027-04-29 10:15:00','Reavaliação pós-procedimento','agendada','Aguardando comparecimento do paciente','2026-03-29 16:09:14','2026-03-29 16:09:14'),(454,54,28,'2027-04-30 11:00:00','Acompanhamento de quadro crônico','confirmada','Paciente confirmou presença por telefone/WhatsApp','2026-03-29 16:09:14','2026-03-29 16:09:14'),(455,55,5,'2027-05-01 11:45:00','Consulta de seguimento','confirmada','Paciente confirmou presença por telefone/WhatsApp','2026-03-29 16:09:14','2026-03-29 16:09:14'),(456,56,12,'2027-05-02 12:30:00','Consulta de rotina','realizada','Consulta concluída e registrada no sistema','2026-03-29 16:09:14','2026-03-29 16:09:14'),(457,57,19,'2027-05-03 13:15:00','Retorno para avaliação clínica','realizada','Consulta concluída e registrada no sistema','2026-03-29 16:09:14','2026-03-29 16:09:14'),(458,58,26,'2027-05-04 14:00:00','Primeira consulta e anamnese','cancelada','Cancelada por indisponibilidade de horário','2026-03-29 16:09:14','2026-03-29 16:09:14'),(459,59,3,'2027-05-05 08:00:00','Avaliação de exames laboratoriais','pendente','Necessário contato da recepção para confirmação','2026-03-29 16:09:14','2026-03-29 16:09:14'),(460,60,10,'2027-05-06 08:45:00','Acompanhamento de tratamento','pendente','Necessário contato da recepção para confirmação','2026-03-29 16:09:14','2026-03-29 16:09:14'),(461,61,17,'2027-05-07 09:30:00','Revisão de medicação','agendada','Aguardando comparecimento do paciente','2026-03-29 16:09:14','2026-03-29 16:09:14'),(462,62,24,'2027-05-08 10:15:00','Encaminhamento para especialista','agendada','Aguardando comparecimento do paciente','2026-03-29 16:09:14','2026-03-29 16:09:14'),(463,63,1,'2027-05-09 11:00:00','Avaliação preventiva anual','agendada','Aguardando comparecimento do paciente','2026-03-29 16:09:14','2026-03-29 16:09:14'),(464,64,8,'2027-05-10 11:45:00','Consulta por sintomas recorrentes','confirmada','Paciente confirmou presença por telefone/WhatsApp','2026-03-29 16:09:14','2026-03-29 16:09:14'),(465,65,15,'2027-05-11 12:30:00','Reavaliação pós-procedimento','confirmada','Paciente confirmou presença por telefone/WhatsApp','2026-03-29 16:09:14','2026-03-29 16:09:14'),(466,66,22,'2027-05-12 13:15:00','Acompanhamento de quadro crônico','realizada','Consulta concluída e registrada no sistema','2026-03-29 16:09:14','2026-03-29 16:09:14'),(467,67,29,'2027-05-13 14:00:00','Consulta de seguimento','realizada','Consulta concluída e registrada no sistema','2026-03-29 16:09:14','2026-03-29 16:09:14'),(468,68,6,'2027-05-14 08:00:00','Consulta de rotina','cancelada','Cancelada por indisponibilidade de horário','2026-03-29 16:09:14','2026-03-29 16:09:14'),(469,69,13,'2027-05-15 08:45:00','Retorno para avaliação clínica','pendente','Necessário contato da recepção para confirmação','2026-03-29 16:09:14','2026-03-29 16:09:14'),(470,70,20,'2027-05-16 09:30:00','Primeira consulta e anamnese','pendente','Necessário contato da recepção para confirmação','2026-03-29 16:09:14','2026-03-29 16:09:14'),(471,71,27,'2027-05-17 10:15:00','Avaliação de exames laboratoriais','agendada','Aguardando comparecimento do paciente','2026-03-29 16:09:14','2026-03-29 16:09:14'),(472,72,4,'2027-05-18 11:00:00','Acompanhamento de tratamento','agendada','Aguardando comparecimento do paciente','2026-03-29 16:09:14','2026-03-29 16:09:14'),(473,73,11,'2027-05-19 11:45:00','Revisão de medicação','agendada','Aguardando comparecimento do paciente','2026-03-29 16:09:14','2026-03-29 16:09:14'),(474,74,18,'2027-05-20 12:30:00','Encaminhamento para especialista','confirmada','Paciente confirmou presença por telefone/WhatsApp','2026-03-29 16:09:14','2026-03-29 16:09:14'),(475,75,25,'2027-05-21 13:15:00','Avaliação preventiva anual','confirmada','Paciente confirmou presença por telefone/WhatsApp','2026-03-29 16:09:14','2026-03-29 16:09:14'),(476,76,2,'2027-05-22 14:00:00','Consulta por sintomas recorrentes','realizada','Consulta concluída e registrada no sistema','2026-03-29 16:09:14','2026-03-29 16:09:14'),(477,77,9,'2027-05-23 08:00:00','Reavaliação pós-procedimento','realizada','Consulta concluída e registrada no sistema','2026-03-29 16:09:14','2026-03-29 16:09:14'),(478,78,16,'2027-05-24 08:45:00','Acompanhamento de quadro crônico','cancelada','Cancelada por indisponibilidade de horário','2026-03-29 16:09:14','2026-03-29 16:09:14'),(479,79,23,'2027-05-25 09:30:00','Consulta de seguimento','pendente','Necessário contato da recepção para confirmação','2026-03-29 16:09:14','2026-03-29 16:09:14'),(480,80,30,'2027-05-26 10:15:00','Consulta de rotina','pendente','Necessário contato da recepção para confirmação','2026-03-29 16:09:14','2026-03-29 16:09:14'),(481,81,7,'2027-05-27 11:00:00','Retorno para avaliação clínica','agendada','Aguardando comparecimento do paciente','2026-03-29 16:09:14','2026-03-29 16:09:14'),(482,82,14,'2027-05-28 11:45:00','Primeira consulta e anamnese','agendada','Aguardando comparecimento do paciente','2026-03-29 16:09:14','2026-03-29 16:09:14'),(483,83,21,'2027-05-29 12:30:00','Avaliação de exames laboratoriais','agendada','Aguardando comparecimento do paciente','2026-03-29 16:09:14','2026-03-29 16:09:14'),(484,84,28,'2027-05-30 13:15:00','Acompanhamento de tratamento','confirmada','Paciente confirmou presença por telefone/WhatsApp','2026-03-29 16:09:14','2026-03-29 16:09:14'),(485,85,5,'2027-05-31 14:00:00','Revisão de medicação','confirmada','Paciente confirmou presença por telefone/WhatsApp','2026-03-29 16:09:14','2026-03-29 16:09:14'),(486,86,12,'2027-06-01 08:00:00','Encaminhamento para especialista','realizada','Consulta concluída e registrada no sistema','2026-03-29 16:09:14','2026-03-29 16:09:14'),(487,87,19,'2027-06-02 08:45:00','Avaliação preventiva anual','realizada','Consulta concluída e registrada no sistema','2026-03-29 16:09:14','2026-03-29 16:09:14'),(488,88,26,'2027-06-03 09:30:00','Consulta por sintomas recorrentes','cancelada','Cancelada por indisponibilidade de horário','2026-03-29 16:09:14','2026-03-29 16:09:14'),(489,89,3,'2027-06-04 10:15:00','Reavaliação pós-procedimento','pendente','Necessário contato da recepção para confirmação','2026-03-29 16:09:14','2026-03-29 16:09:14'),(490,90,10,'2027-06-05 11:00:00','Acompanhamento de quadro crônico','pendente','Necessário contato da recepção para confirmação','2026-03-29 16:09:14','2026-03-29 16:09:14'),(491,91,17,'2027-06-06 11:45:00','Consulta de seguimento','agendada','Aguardando comparecimento do paciente','2026-03-29 16:09:14','2026-03-29 16:09:14'),(492,92,24,'2027-06-07 12:30:00','Consulta de rotina','agendada','Aguardando comparecimento do paciente','2026-03-29 16:09:14','2026-03-29 16:09:14'),(493,93,1,'2027-06-08 13:15:00','Retorno para avaliação clínica','agendada','Aguardando comparecimento do paciente','2026-03-29 16:09:14','2026-03-29 16:09:14'),(494,94,8,'2027-06-09 14:00:00','Primeira consulta e anamnese','confirmada','Paciente confirmou presença por telefone/WhatsApp','2026-03-29 16:09:14','2026-03-29 16:09:14'),(495,95,15,'2027-06-10 08:00:00','Avaliação de exames laboratoriais','confirmada','Paciente confirmou presença por telefone/WhatsApp','2026-03-29 16:09:14','2026-03-29 16:09:14'),(496,96,22,'2027-06-11 08:45:00','Acompanhamento de tratamento','realizada','Consulta concluída e registrada no sistema','2026-03-29 16:09:14','2026-03-29 16:09:14'),(497,97,29,'2027-06-12 09:30:00','Revisão de medicação','realizada','Consulta concluída e registrada no sistema','2026-03-29 16:09:14','2026-03-29 16:09:14'),(498,98,6,'2027-06-13 10:15:00','Encaminhamento para especialista','cancelada','Cancelada por indisponibilidade de horário','2026-03-29 16:09:14','2026-03-29 16:09:14'),(499,99,13,'2027-06-14 11:00:00','Avaliação preventiva anual','pendente','Necessário contato da recepção para confirmação','2026-03-29 16:09:14','2026-03-29 16:09:14'),(500,100,20,'2027-06-15 11:45:00','Consulta por sintomas recorrentes','pendente','Necessário contato da recepção para confirmação','2026-03-29 16:09:14','2026-03-29 16:09:14'),(512,100,29,'2026-03-29 00:00:00','primeira','agendada',NULL,'2026-03-29 16:47:49','2026-03-29 16:47:49');
/*!40000 ALTER TABLE `consultas` ENABLE KEYS */;
UNLOCK TABLES;

--
-- Table structure for table `medicos`
--

DROP TABLE IF EXISTS `medicos`;
/*!40101 SET @saved_cs_client     = @@character_set_client */;
/*!50503 SET character_set_client = utf8mb4 */;
CREATE TABLE `medicos` (
  `id` int NOT NULL AUTO_INCREMENT,
  `nome` varchar(100) NOT NULL,
  `especialidade` varchar(50) DEFAULT NULL,
  PRIMARY KEY (`id`)
) ENGINE=InnoDB AUTO_INCREMENT=32 DEFAULT CHARSET=utf8mb4 COLLATE=utf8mb4_0900_ai_ci;
/*!40101 SET character_set_client = @saved_cs_client */;

--
-- Dumping data for table `medicos`
--

LOCK TABLES `medicos` WRITE;
/*!40000 ALTER TABLE `medicos` DISABLE KEYS */;
INSERT INTO `medicos` VALUES (1,'Dr(a). Ana Pereira','Cardiologia'),(2,'Dr(a). Paulo Pereira','Dermatologia'),(3,'Dr(a). Mariana Pereira','Pediatria'),(4,'Dr(a). Roberto Pereira','Ortopedia'),(5,'Dr(a). Juliana Pereira','Neurologia'),(6,'Dr(a). Felipe Pereira','Psiquiatria'),(7,'Dr(a). Patrícia Pereira','Ginecologia'),(8,'Dr(a). Renato Pereira','Endocrinologia'),(9,'Dr(a). Camila Pereira','Oftalmologia'),(10,'Dr(a). Eduardo Pereira','Clínico Geral'),(11,'Dr(a). Fernanda Pereira','Cardiologia'),(12,'Dr(a). Gustavo Pereira','Dermatologia'),(13,'Dr(a). Aline Pereira','Pediatria'),(14,'Dr(a). Marcelo Pereira','Ortopedia'),(15,'Dr(a). Beatriz Pereira','Neurologia'),(16,'Dr(a). Ana Lima','Psiquiatria'),(17,'Dr(a). Paulo Lima','Ginecologia'),(18,'Dr(a). Mariana Lima','Endocrinologia'),(19,'Dr(a). Roberto Lima','Oftalmologia'),(20,'Dr(a). Juliana Lima','Clínico Geral'),(21,'Dr(a). Felipe Lima','Cardiologia'),(22,'Dr(a). Patrícia Lima','Dermatologia'),(23,'Dr(a). Renato Lima','Pediatria'),(24,'Dr(a). Camila Lima','Ortopedia'),(25,'Dr(a). Eduardo Lima','Neurologia'),(26,'Dr(a). Fernanda Lima','Psiquiatria'),(27,'Dr(a). Gustavo Lima','Ginecologia'),(28,'Dr(a). Aline Lima','Endocrinologia'),(29,'Dr(a). Marcelo Lima','Oftalmologia'),(30,'Dr(a). Beatriz Lima','Clínico Geral');
/*!40000 ALTER TABLE `medicos` ENABLE KEYS */;
UNLOCK TABLES;

--
-- Table structure for table `pacientes`
--

DROP TABLE IF EXISTS `pacientes`;
/*!40101 SET @saved_cs_client     = @@character_set_client */;
/*!50503 SET character_set_client = utf8mb4 */;
CREATE TABLE `pacientes` (
  `id` int NOT NULL AUTO_INCREMENT,
  `nome` varchar(100) NOT NULL,
  `idade` int DEFAULT NULL,
  `telefone` varchar(20) DEFAULT NULL,
  PRIMARY KEY (`id`)
) ENGINE=InnoDB AUTO_INCREMENT=128 DEFAULT CHARSET=utf8mb4 COLLATE=utf8mb4_0900_ai_ci;
/*!40101 SET character_set_client = @saved_cs_client */;

--
-- Dumping data for table `pacientes`
--

LOCK TABLES `pacientes` WRITE;
/*!40000 ALTER TABLE `pacientes` DISABLE KEYS */;
INSERT INTO `pacientes` VALUES (1,'Maria José',19,'5512910000731'),(2,'José José',20,'5513910001462'),(3,'Ana José',21,'5514910002193'),(4,'João José',22,'5515910002924'),(5,'Carlos José',23,'5516910003655'),(6,'Paulo José',24,'5517910004386'),(7,'Lucas José',25,'5518910005117'),(8,'Marcos José',26,'5519910005848'),(9,'Juliana José',27,'5520910006579'),(10,'Fernanda José',28,'5521910007310'),(11,'Patrícia José',29,'5522910008041'),(12,'Camila José',30,'5523910008772'),(13,'Rafael José',31,'5524910009503'),(14,'Bruno José',32,'5525910010234'),(15,'Aline José',33,'5526910010965'),(16,'Beatriz José',34,'5527910011696'),(17,'Gabriel José',35,'5528910012427'),(18,'Larissa José',36,'5529910013158'),(19,'Ricardo José',37,'5530910013889'),(20,'Vanessa José',38,'5531910014620'),(21,'Maria Carlos',39,'5532910015351'),(22,'José Carlos',40,'5533910016082'),(23,'Ana Carlos',41,'5534910016813'),(24,'João Carlos',42,'5535910017544'),(25,'Carlos Carlos',43,'5536910018275'),(26,'Paulo Carlos',44,'5537910019006'),(27,'Lucas Carlos',45,'5538910019737'),(28,'Marcos Carlos',46,'5539910020468'),(29,'Juliana Carlos',47,'5540910021199'),(30,'Fernanda Carlos',48,'5541910021930'),(31,'Patrícia Carlos',49,'5542910022661'),(32,'Camila Carlos',50,'5543910023392'),(33,'Rafael Carlos',51,'5544910024123'),(34,'Bruno Carlos',52,'5545910024854'),(35,'Aline Carlos',53,'5546910025585'),(36,'Beatriz Carlos',54,'5547910026316'),(37,'Gabriel Carlos',55,'5548910027047'),(38,'Larissa Carlos',56,'5549910027778'),(39,'Ricardo Carlos',57,'5550910028509'),(40,'Vanessa Carlos',58,'5551910029240'),(41,'Maria Paulo',59,'5552910029971'),(42,'José Paulo',60,'5553910030702'),(43,'Ana Paulo',61,'5554910031433'),(44,'João Paulo',62,'5555910032164'),(45,'Carlos Paulo',63,'5556910032895'),(46,'Paulo Paulo',64,'5557910033626'),(47,'Lucas Paulo',65,'5558910034357'),(48,'Marcos Paulo',66,'5559910035088'),(49,'Juliana Paulo',67,'5560910035819'),(50,'Fernanda Paulo',68,'5561910036550'),(51,'Patrícia Paulo',69,'5562910037281'),(52,'Camila Paulo',70,'5563910038012'),(53,'Rafael Paulo',71,'5564910038743'),(54,'Bruno Paulo',72,'5565910039474'),(55,'Aline Paulo',73,'5566910040205'),(56,'Beatriz Paulo',74,'5567910040936'),(57,'Gabriel Paulo',75,'5568910041667'),(58,'Larissa Paulo',76,'5569910042398'),(59,'Ricardo Paulo',77,'5570910043129'),(60,'Vanessa Paulo',78,'5571910043860'),(61,'Maria Luiz',79,'5572910044591'),(62,'José Luiz',80,'5573910045322'),(63,'Ana Luiz',18,'5574910046053'),(64,'João Luiz',19,'5575910046784'),(65,'Carlos Luiz',20,'5576910047515'),(66,'Paulo Luiz',21,'5577910048246'),(67,'Lucas Luiz',22,'5578910048977'),(68,'Marcos Luiz',23,'5579910049708'),(69,'Juliana Luiz',24,'5580910050439'),(70,'Fernanda Luiz',25,'5581910051170'),(71,'Patrícia Luiz',26,'5582910051901'),(72,'Camila Luiz',27,'5583910052632'),(73,'Rafael Luiz',28,'5584910053363'),(74,'Bruno Luiz',29,'5585910054094'),(75,'Aline Luiz',30,'5586910054825'),(76,'Beatriz Luiz',31,'5587910055556'),(77,'Gabriel Luiz',32,'5588910056287'),(78,'Larissa Luiz',33,'5589910057018'),(79,'Ricardo Luiz',34,'5590910057749'),(80,'Vanessa Luiz',35,'5591910058480'),(81,'Maria Henrique',36,'5592910059211'),(82,'José Henrique',37,'5593910059942'),(83,'Ana Henrique',38,'5594910060673'),(84,'João Henrique',39,'5595910061404'),(85,'Carlos Henrique',40,'5596910062135'),(86,'Paulo Henrique',41,'5597910062866'),(87,'Lucas Henrique',42,'5598910063597'),(88,'Marcos Henrique',43,'5599910064328'),(89,'Juliana Henrique',44,'5511910065059'),(90,'Fernanda Henrique',45,'5512910065790'),(91,'Patrícia Henrique',46,'5513910066521'),(92,'Camila Henrique',47,'5514910067252'),(93,'Rafael Henrique',48,'5515910067983'),(94,'Bruno Henrique',49,'5516910068714'),(95,'Aline Henrique',50,'5517910069445'),(96,'Beatriz Henrique',51,'5518910070176'),(97,'Gabriel Henrique',52,'5519910070907'),(98,'Larissa Henrique',53,'5520910071638'),(99,'Ricardo Henrique',54,'5521910072369'),(100,'Vanessa Henrique',55,'5522910073100');
/*!40000 ALTER TABLE `pacientes` ENABLE KEYS */;
UNLOCK TABLES;

--
-- Dumping events for database 'clinica_medica_node'
--

--
-- Dumping routines for database 'clinica_medica_node'
--
SET @@SESSION.SQL_LOG_BIN = @MYSQLDUMP_TEMP_LOG_BIN;
/*!40103 SET TIME_ZONE=@OLD_TIME_ZONE */;

/*!40101 SET SQL_MODE=@OLD_SQL_MODE */;
/*!40014 SET FOREIGN_KEY_CHECKS=@OLD_FOREIGN_KEY_CHECKS */;
/*!40014 SET UNIQUE_CHECKS=@OLD_UNIQUE_CHECKS */;
/*!40101 SET CHARACTER_SET_CLIENT=@OLD_CHARACTER_SET_CLIENT */;
/*!40101 SET CHARACTER_SET_RESULTS=@OLD_CHARACTER_SET_RESULTS */;
/*!40101 SET COLLATION_CONNECTION=@OLD_COLLATION_CONNECTION */;
/*!40111 SET SQL_NOTES=@OLD_SQL_NOTES */;

-- Dump completed on 2026-03-29 17:48:42
